dataset,experiment_name,experiment_id,timestamp,meta_loader,meta_synthesizer,meta_obtainer,meta_repairer,meta_synthesizer_params_model_path,meta_synthesizer_params_size,meta_synthesizer_params_seed,meta_obtainer_params_selection_budget,meta_obtainer_params_generation_budget,meta_obtainer_params_k,meta_obtainer_params_seed,meta_repairer_params_alpha,repairer,synthesizer,engine,runtime_loading,runtime_synthesizing,runtime_marginals_obtaining,runtime_repairing,deletion_ratio_before,deletion_ratio_after,deletion_ratio_ratio,marginals_error_synthetic_avg,marginals_error_repaired_avg,tvd_2way_synthetic_avg,tvd_2way_repaired_avg,ml_accuracy_synthetic_logistic_regression,ml_accuracy_synthetic_random_forest,ml_accuracy_synthetic_mlp,ml_accuracy_repaired_logistic_regression,ml_accuracy_repaired_random_forest,ml_accuracy_repaired_mlp,violations_private,violations_synthetic,violations_repaired,loss_function_synthetic_total,loss_function_synthetic_size_component,loss_function_synthetic_marginal_component,loss_function_repaired_total,loss_function_repaired_size_component,loss_function_repaired_marginal_component,marginal_generation_quality_avg_relative_error,marginal_selection_quality_precision_at_k,marginal_selection_quality_overlap_count,marginal_selection_quality_k,meta_repairer_params_use_marginals
adult,alpha_eps01_b1000_abserr_adult_aim_a0.55,327bd14f,2026-05-17T23:29:55.029861,FileLoader,SmartNoiseModelLoader,TopKObtainer,WeightedVCRepairer,models/adult_aim_eps0.1.pkl,50000,42,1000.0,1000.0,20,42,0.55,WeightedVCRepairer,SmartNoiseModelLoader,aim,0.2819192409515381,3.19877552986145,0.8451969623565674,27854.22181129456,50000,36913,0.26174,576.4806767784844,346.8080546521463,0.080910527083443,0.1117997857093349,0.8065394537488227,0.818639695344171,0.8167355964129233,0.8135620981941771,0.8274231194463781,0.8245976823225912,0,35193133,0,-0.002745502947488,-0.0237091028213422,0.0228766746761115,0.1404047705850108,0.2442365177511158,0.013499301826438,0.0001034215521389,1.0,20.0,20.0,
adult,alpha_eps01_b1000_abserr_adult_aim_a0.6,fcb28fb0,2026-05-18T03:15:50.888613,FileLoader,SmartNoiseModelLoader,TopKObtainer,WeightedVCRepairer,models/adult_aim_eps0.1.pkl,50000,42,1000.0,1000.0,20,42,0.6,WeightedVCRepairer,SmartNoiseModelLoader,aim,0.1937079429626464,1.6593101024627686,0.5785999298095703,13348.836413145063,50000,38744,0.22512,576.4806767784844,436.3517763681002,0.080910527083443,0.1073059434757411,0.8065394537488227,0.818639695344171,0.8167355964129233,0.8143605912943778,0.8260513492485975,0.8286720445518202,0,35193133,0,-0.0050747918223607,-0.0237091028213422,0.0228766746761115,0.1306301207606302,0.2067482904057982,0.016452866292878,0.0001034215521389,1.0,20.0,20.0,
adult,alpha_eps01_b1000_abserr_adult_aim_a0.75,6fb694c8,2026-05-17T17:38:30.905449,FileLoader,SmartNoiseModelLoader,TopKObtainer,WeightedVCRepairer,models/adult_aim_eps0.1.pkl,50000,42,1000.0,1000.0,20,42,0.75,WeightedVCRepairer,SmartNoiseModelLoader,aim,0.2850761413574219,3.19284725189209,0.8907060623168945,6720.925691843033,50000,46100,0.078,576.4806767784844,575.8357499310434,0.080910527083443,0.0831115433480731,0.8065394537488227,0.818639695344171,0.8167355964129233,0.8101633839728103,0.8172679251463904,0.8202366815445723,0,35193133,0,-0.0120626584469788,-0.0237091028213422,0.0228766746761115,0.0477895041114536,0.0561402071987224,0.0227373948496473,0.0001034215521389,1.0,20.0,20.0,
adult,alpha_eps01_b1000_abserr_adult_aim_a0.8,25953629,2026-05-17T17:38:34.314172,FileLoader,SmartNoiseModelLoader,TopKObtainer,WeightedVCRepairer,models/adult_aim_eps0.1.pkl,50000,42,1000.0,1000.0,20,42,0.8,WeightedVCRepairer,SmartNoiseModelLoader,aim,0.2852590084075928,3.1943166255950928,0.8886117935180664,6714.280453681946,50000,46147,0.07706,576.4806767784844,577.9302427182586,0.080910527083443,0.0830326378837137,0.8065394537488227,0.818639695344171,0.8167355964129233,0.8101429097907539,0.8182711600671553,0.8195405593546538,0,35193133,0,-0.0143919473218515,-0.0237091028213422,0.0228766746761115,0.0487138284428326,0.0551779206420703,0.022857459645882,0.0001034215521389,1.0,20.0,20.0,
adult,alpha_eps01_b1000_abserr_adult_aim_a0.85,cd21e044,2026-05-17T19:27:05.875513,FileLoader,SmartNoiseModelLoader,TopKObtainer,WeightedVCRepairer,models/adult_aim_eps0.1.pkl,50000,42,1000.0,1000.0,20,42,0.85,WeightedVCRepairer,SmartNoiseModelLoader,aim,0.1974115371704101,1.865830659866333,0.6501796245574951,6256.01367688179,50000,46152,0.07696,576.4806767784844,578.4621584165648,0.080910527083443,0.0830268321881684,0.8065394537488227,0.818639695344171,0.8167355964129233,0.8101429097907539,0.8170631833258262,0.8175955120592933,0,35193133,0,-0.0167212361967242,-0.0237091028213422,0.0228766746761115,0.0502454069289749,0.0550755497317882,0.022874597713033,0.0001034215521389,1.0,20.0,20.0,
adult,alpha_eps01_b1000_abserr_adult_aim_a0.9,bed9b75b,2026-05-17T19:27:00.651984,FileLoader,SmartNoiseModelLoader,TopKObtainer,WeightedVCRepairer,models/adult_aim_eps0.1.pkl,50000,42,1000.0,1000.0,20,42,0.9,WeightedVCRepairer,SmartNoiseModelLoader,aim,0.1592159271240234,1.5247387886047363,0.6545464992523193,6255.4685962200165,50000,46153,0.07694,576.4806767784844,578.7462800370995,0.080910527083443,0.0830257905553702,0.8065394537488227,0.818639695344171,0.8167355964129233,0.8101429097907539,0.8185782727980018,0.8125793374554686,0,35193133,0,-0.0190505250715969,-0.0237091028213422,0.0228766746761115,0.0518373704828451,0.0550550755497317,0.0228780248808653,0.0001034215521389,1.0,20.0,20.0,
adult,alpha_eps01_b1000_abserr_adult_aim_a0.95,2f37900b,2026-05-17T20:41:32.079927,FileLoader,SmartNoiseModelLoader,TopKObtainer,WeightedVCRepairer,models/adult_aim_eps0.1.pkl,50000,42,1000.0,1000.0,20,42,0.95,WeightedVCRepairer,SmartNoiseModelLoader,aim,0.1500368118286132,1.00885009765625,0.3865828514099121,4356.764106273651,50000,46153,0.07694,576.4806767784844,578.7462800370995,0.080910527083443,0.0830257905553702,0.8065394537488227,0.818639695344171,0.8167355964129233,0.8101429097907539,0.8185782727980018,0.8125793374554686,0,35193133,0,-0.0213798139464695,-0.0237091028213422,0.0228766746761115,0.0534462230162884,0.0550550755497317,0.0228780248808653,0.0001034215521389,1.0,20.0,20.0,
adult,alpha_eps01_b1000_abserr_adult_aim_a1.0,821132a0,2026-05-17T17:37:16.505410,FileLoader,SmartNoiseModelLoader,TopKObtainer,WeightedVCRepairer,models/adult_aim_eps0.1.pkl,50000,42,1000.0,1000.0,20,42,1.0,WeightedVCRepairer,SmartNoiseModelLoader,aim,0.2819974422454834,3.1701838970184326,0.8362627029418945,6683.293886423111,50000,46153,0.07694,576.4806767784844,578.7462800370995,0.080910527083443,0.0830257905553702,0.8065394537488227,0.818639695344171,0.8167355964129233,0.8101429097907539,0.8185782727980018,0.8125793374554686,0,35193133,0,-0.0237091028213422,-0.0237091028213422,0.0228766746761115,0.0550550755497317,0.0550550755497317,0.0228780248808653,0.0001034215521389,1.0,20.0,20.0,
adult,alpha_eps01_b1000_abserr_adult_mst_a0.7,202a03d3,2026-05-17T23:38:36.878383,FileLoader,SmartNoiseModelLoader,TopKObtainer,WeightedVCRepairer,models/adult_mst_eps0.1.pkl,50000,42,1000.0,1000.0,20,42,0.7,WeightedVCRepairer,SmartNoiseModelLoader,mst,0.2879750728607178,3.45678186416626,0.8788290023803711,28409.63518548012,50000,38734,0.22532,0.6328209093527574,0.5636988529449158,0.1177420741711368,0.1408016308789616,0.7607182343065395,0.7471029032390156,0.7579542197289219,0.7607182343065395,0.7427009540968839,0.7626018590557307,0,48283895,0,-0.0094248902490822,-0.0237091028213422,0.0239049390861911,0.1497864368706693,0.2069530322263625,0.0163977143740519,5.205815885982013e-05,1.0,20.0,20.0,
adult,alpha_eps01_b1000_abserr_adult_mst_a0.75,4b79327b,2026-05-17T21:20:37.195302,FileLoader,SmartNoiseModelLoader,TopKObtainer,WeightedVCRepairer,models/adult_mst_eps0.1.pkl,50000,42,1000.0,1000.0,20,42,0.75,WeightedVCRepairer,SmartNoiseModelLoader,mst,0.2878119945526123,3.457772016525269,0.8777554035186768,20147.877374887463,50000,39575,0.2085,0.6328209093527574,0.5988599014624123,0.1177420741711368,0.1388056962996722,0.7607182343065395,0.7470619548749028,0.7579542197289219,0.7607182343065395,0.7453011752180501,0.7642193194381884,0,48283895,0,-0.0118055923444589,-0.0237091028213422,0.0239049390861911,0.1471696177564173,0.1897342451169076,0.0194757356749466,5.205815885982013e-05,1.0,20.0,20.0,
adult,alpha_eps01_b1000_abserr_adult_mst_a0.8,e6926341,2026-05-18T01:48:37.680757,FileLoader,SmartNoiseModelLoader,TopKObtainer,WeightedVCRepairer,models/adult_mst_eps0.1.pkl,50000,42,1000.0,1000.0,20,42,0.8,WeightedVCRepairer,SmartNoiseModelLoader,mst,0.2087719440460205,1.7711076736450195,0.5585818290710449,15919.670206069946,50000,40162,0.19676,0.6328209093527574,0.6107316614500081,0.1177420741711368,0.1356956722702279,0.7607182343065395,0.7470619548749028,0.7579542197289219,0.7607182343065395,0.7355349903771344,0.7708734286065272,0,48283895,0,-0.0141862944398356,-0.0237091028213422,0.0239049390861911,0.1463683885309848,0.177715900249785,0.0209783416557842,5.205815885982013e-05,1.0,20.0,20.0,
adult,alpha_eps01_b1000_abserr_adult_mst_a0.95,d2449817,2026-05-17T20:15:18.200948,FileLoader,SmartNoiseModelLoader,TopKObtainer,WeightedVCRepairer,models/adult_mst_eps0.1.pkl,50000,42,1000.0,1000.0,20,42,0.95,WeightedVCRepairer,SmartNoiseModelLoader,mst,0.2750258445739746,3.563782930374145,0.8451366424560547,16225.665019512177,50000,40740,0.1852,0.6328209093527574,0.6194781828346263,0.1177420741711368,0.1334413032769295,0.7607182343065395,0.7471029032390156,0.7579542197289219,0.7607182343065395,0.7435608697432537,0.7465501003234921,0,48283895,0,-0.0213284007259656,-0.0237091028213422,0.0239049390861911,0.1586993109059137,0.1658818230211703,0.0222315807160389,5.205815885982013e-05,1.0,20.0,20.0,
adult,alpha_eps01_b1000_abserr_adult_mst_a1.0,99e5b9b8,2026-05-17T20:14:33.441207,FileLoader,SmartNoiseModelLoader,TopKObtainer,WeightedVCRepairer,models/adult_mst_eps0.1.pkl,50000,42,1000.0,1000.0,20,42,1.0,WeightedVCRepairer,SmartNoiseModelLoader,mst,0.2921390533447265,3.421333312988281,0.8421006202697754,16146.209329366684,50000,40738,0.18524,0.6328209093527574,0.6225284863125518,0.1177420741711368,0.1335382181839241,0.7607182343065395,0.7470619548749028,0.7579542197289219,0.7607182343065395,0.7485565701650219,0.7585070226444454,0,48283895,0,-0.0237091028213422,-0.0237091028213422,0.0239049390861911,0.1659227713852831,0.1659227713852831,0.0226317127618747,5.205815885982013e-05,1.0,20.0,20.0,
census,alpha_eps01_b1000_abserr_census_aim_a0.0,d670b073,2026-05-17T20:58:30.065002,FileLoader,SmartNoiseModelLoader,TopKObtainer,WeightedVCRepairer,models/census_aim_eps0.1.pkl,50000,42,1000.0,1000.0,20,42,0.0,WeightedVCRepairer,SmartNoiseModelLoader,aim,1.827636957168579,15.230204820632936,0.0005512237548828,2388.3344650268555,50000,5507,0.88986,,,0.0163728732199463,0.1378890576207107,0.6204215803727408,0.5678712829882401,0.6203408878067054,0.6188230429696749,0.5645416838948241,0.6082252229647509,0,501859,0,0.0,0.985275079190624,0.0,0.0,0.9983781972220552,0.0,,,,,
census,alpha_eps01_b1000_abserr_census_aim_a0.05,5bef0b20,2026-05-17T20:24:39.312363,FileLoader,SmartNoiseModelLoader,TopKObtainer,WeightedVCRepairer,models/census_aim_eps0.1.pkl,50000,42,1000.0,1000.0,20,42,0.05,WeightedVCRepairer,SmartNoiseModelLoader,aim,1.7008652687072754,13.658839225769045,0.0003323554992675,15.404269456863403,50000,49659,0.00682,,,0.0163728732199463,0.0160018360456902,0.6204215803727408,0.5678712829882401,0.6203408878067054,0.6204036159693533,0.5682293930623241,0.6202010010590163,0,501859,0,0.0492637539595312,0.985275079190624,0.0,0.0492687751575272,0.985375503150544,0.0,,,,,
census,alpha_eps01_b1000_abserr_census_aim_a0.1,54387370,2026-05-17T20:34:00.708589,FileLoader,SmartNoiseModelLoader,TopKObtainer,WeightedVCRepairer,models/census_aim_eps0.1.pkl,50000,42,1000.0,1000.0,20,42,0.1,WeightedVCRepairer,SmartNoiseModelLoader,aim,1.732630729675293,13.98976707458496,0.00032639503479,15.483853101730348,50000,49659,0.00682,,,0.0163728732199463,0.0160018360456902,0.6204215803727408,0.5678712829882401,0.6203408878067054,0.6204036159693533,0.5682293930623241,0.6202010010590163,0,501859,0,0.0985275079190624,0.985275079190624,0.0,0.0985375503150544,0.985375503150544,0.0,,,,,
census,alpha_eps01_b1000_abserr_census_aim_a0.15,43088ffb,2026-05-17T15:55:55.938919,FileLoader,SmartNoiseModelLoader,TopKObtainer,WeightedVCRepairer,models/census_aim_eps0.1.pkl,50000,42,1000.0,1000.0,20,42,0.15,WeightedVCRepairer,SmartNoiseModelLoader,aim,2.569425582885742,17.101227045059204,0.0004527568817138,18.1045355796814,50000,49659,0.00682,,,0.0163728732199463,0.0160018360456902,0.6204215803727408,0.5678712829882401,0.6203408878067054,0.6204036159693533,0.5682293930623241,0.6202010010590163,0,501859,0,0.1477912618785936,0.985275079190624,0.0,0.1478063254725816,0.985375503150544,0.0,,,,,
census,alpha_eps01_b1000_abserr_census_aim_a0.2,27aec6be,2026-05-17T15:55:58.910448,FileLoader,SmartNoiseModelLoader,TopKObtainer,WeightedVCRepairer,models/census_aim_eps0.1.pkl,50000,42,1000.0,1000.0,20,42,0.2,WeightedVCRepairer,SmartNoiseModelLoader,aim,2.5698533058166504,19.1259241104126,0.00046968460083,17.555018424987793,50000,49659,0.00682,,,0.0163728732199463,0.0160018360456902,0.6204215803727408,0.5678712829882401,0.6203408878067054,0.6204036159693533,0.5682293930623241,0.6202010010590163,0,501859,0,0.1970550158381248,0.985275079190624,0.0,0.1970751006301088,0.985375503150544,0.0,,,,,
census,alpha_eps01_b1000_abserr_census_aim_a0.25,c8bef34a,2026-05-17T16:09:23.358120,FileLoader,SmartNoiseModelLoader,TopKObtainer,WeightedVCRepairer,models/census_aim_eps0.1.pkl,50000,42,1000.0,1000.0,20,42,0.25,WeightedVCRepairer,SmartNoiseModelLoader,aim,1.9116928577423096,19.50336503982544,0.0003261566162109,16.235902786254883,50000,49659,0.00682,,,0.0163728732199463,0.0160018360456902,0.6204215803727408,0.5678712829882401,0.6203408878067054,0.6204036159693533,0.5682293930623241,0.6202010010590163,0,501859,0,0.246318769797656,0.985275079190624,0.0,0.246343875787636,0.985375503150544,0.0,,,,,
census,alpha_eps01_b1000_abserr_census_aim_a0.3,dddfd296,2026-05-17T16:09:22.830751,FileLoader,SmartNoiseModelLoader,TopKObtainer,WeightedVCRepairer,models/census_aim_eps0.1.pkl,50000,42,1000.0,1000.0,20,42,0.3,WeightedVCRepairer,SmartNoiseModelLoader,aim,1.927628517150879,15.862168550491331,0.0005078315734863,16.26160717010498,50000,49659,0.00682,,,0.0163728732199463,0.0160018360456902,0.6204215803727408,0.5678712829882401,0.6203408878067054,0.6204036159693533,0.5682293930623241,0.6202010010590163,0,501859,0,0.2955825237571872,0.985275079190624,0.0,0.2956126509451632,0.985375503150544,0.0,,,,,
census,alpha_eps01_b1000_abserr_census_aim_a0.35,46640dd8,2026-05-17T16:15:34.379746,FileLoader,SmartNoiseModelLoader,TopKObtainer,WeightedVCRepairer,models/census_aim_eps0.1.pkl,50000,42,1000.0,1000.0,20,42,0.35,WeightedVCRepairer,SmartNoiseModelLoader,aim,1.260718822479248,9.381115198135376,0.000338077545166,8.899083375930786,50000,49659,0.00682,,,0.0163728732199463,0.0160018360456902,0.6204215803727408,0.5678712829882401,0.6203408878067054,0.6204036159693533,0.5682293930623241,0.6202010010590163,0,501859,0,0.3448462777167184,0.985275079190624,0.0,0.3448814261026904,0.985375503150544,0.0,,,,,
census,alpha_eps01_b1000_abserr_census_aim_a0.4,f2a8b104,2026-05-17T15:56:10.682890,FileLoader,SmartNoiseModelLoader,TopKObtainer,WeightedVCRepairer,models/census_aim_eps0.1.pkl,50000,42,1000.0,1000.0,20,42,0.4,WeightedVCRepairer,SmartNoiseModelLoader,aim,2.585752487182617,19.748634338378903,0.0004167556762695,17.417582035064697,50000,49659,0.00682,,,0.0163728732199463,0.0160018360456902,0.6204215803727408,0.5678712829882401,0.6203408878067054,0.6204036159693533,0.5682293930623241,0.6202010010590163,0,501859,0,0.3941100316762496,0.985275079190624,0.0,0.3941502012602176,0.985375503150544,0.0,,,,,
census,alpha_eps01_b1000_abserr_census_aim_a0.45,ac024743,2026-05-17T15:56:05.682158,FileLoader,SmartNoiseModelLoader,TopKObtainer,WeightedVCRepairer,models/census_aim_eps0.1.pkl,50000,42,1000.0,1000.0,20,42,0.45,WeightedVCRepairer,SmartNoiseModelLoader,aim,2.5883007049560547,19.83367347717285,0.0004377365112304,17.33608889579773,50000,49659,0.00682,,,0.0163728732199463,0.0160018360456902,0.6204215803727408,0.5678712829882401,0.6203408878067054,0.6204036159693533,0.5682293930623241,0.6202010010590163,0,501859,0,0.4433737856357808,0.985275079190624,0.0,0.4434189764177448,0.985375503150544,0.0,,,,,
census,alpha_eps01_b1000_abserr_census_aim_a0.5,36ccd8b6,2026-05-17T16:09:50.155184,FileLoader,SmartNoiseModelLoader,TopKObtainer,WeightedVCRepairer,models/census_aim_eps0.1.pkl,50000,42,1000.0,1000.0,20,42,0.5,WeightedVCRepairer,SmartNoiseModelLoader,aim,1.683701992034912,16.528569221496582,0.0003643035888671,16.257871866226196,50000,49659,0.00682,,,0.0163728732199463,0.0160018360456902,0.6204215803727408,0.5678712829882401,0.6203408878067054,0.6204036159693533,0.5682293930623241,0.6202010010590163,0,501859,0,0.492637539595312,0.985275079190624,0.0,0.492687751575272,0.985375503150544,0.0,,,,,
census,alpha_eps01_b1000_abserr_census_aim_a0.55,ba63c51e,2026-05-17T16:09:53.059327,FileLoader,SmartNoiseModelLoader,TopKObtainer,WeightedVCRepairer,models/census_aim_eps0.1.pkl,50000,42,1000.0,1000.0,20,42,0.55,WeightedVCRepairer,SmartNoiseModelLoader,aim,1.9902570247650144,15.347818374633787,0.0003581047058105,16.56681776046753,50000,49659,0.00682,,,0.0163728732199463,0.0160018360456902,0.6204215803727408,0.5678712829882401,0.6203408878067054,0.6204036159693533,0.5682293930623241,0.6202010010590163,0,501859,0,0.5419012935548433,0.985275079190624,0.0,0.5419565267327993,0.985375503150544,0.0,,,,,
census,alpha_eps01_b1000_abserr_census_aim_a0.6,830c7718,2026-05-17T16:16:04.773398,FileLoader,SmartNoiseModelLoader,TopKObtainer,WeightedVCRepairer,models/census_aim_eps0.1.pkl,50000,42,1000.0,1000.0,20,42,0.6,WeightedVCRepairer,SmartNoiseModelLoader,aim,1.2241127490997314,9.333908081054688,0.0002908706665039,8.823843717575073,50000,49659,0.00682,,,0.0163728732199463,0.0160018360456902,0.6204215803727408,0.5678712829882401,0.6203408878067054,0.6204036159693533,0.5682293930623241,0.6202010010590163,0,501859,0,0.5911650475143744,0.985275079190624,0.0,0.5912253018903264,0.985375503150544,0.0,,,,,
census,alpha_eps01_b1000_abserr_census_aim_a0.65,4643f869,2026-05-17T15:55:53.581464,FileLoader,SmartNoiseModelLoader,TopKObtainer,WeightedVCRepairer,models/census_aim_eps0.1.pkl,50000,42,1000.0,1000.0,20,42,0.65,WeightedVCRepairer,SmartNoiseModelLoader,aim,2.577342987060547,17.9432590007782,0.0004780292510986,17.9231014251709,50000,49659,0.00682,,,0.0163728732199463,0.0160018360456902,0.6204215803727408,0.5678712829882401,0.6203408878067054,0.6204036159693533,0.5682293930623241,0.6202010010590163,0,501859,0,0.6404288014739057,0.985275079190624,0.0,0.6404940770478537,0.985375503150544,0.0,,,,,
census,alpha_eps01_b1000_abserr_census_aim_a0.7,32f66aa7,2026-05-17T15:55:55.603563,FileLoader,SmartNoiseModelLoader,TopKObtainer,WeightedVCRepairer,models/census_aim_eps0.1.pkl,50000,42,1000.0,1000.0,20,42,0.7,WeightedVCRepairer,SmartNoiseModelLoader,aim,2.5768485069274902,19.938130617141724,0.0004129409790039,17.515984773635864,50000,49659,0.00682,,,0.0163728732199463,0.0160018360456902,0.6204215803727408,0.5678712829882401,0.6203408878067054,0.6204036159693533,0.5682293930623241,0.6202010010590163,0,501859,0,0.6896925554334368,0.985275079190624,0.0,0.6897628522053808,0.985375503150544,0.0,,,,,
census,alpha_eps01_b1000_abserr_census_aim_a0.75,89b1be88,2026-05-17T16:09:40.946585,FileLoader,SmartNoiseModelLoader,TopKObtainer,WeightedVCRepairer,models/census_aim_eps0.1.pkl,50000,42,1000.0,1000.0,20,42,0.75,WeightedVCRepairer,SmartNoiseModelLoader,aim,1.8974616527557373,15.233443975448608,0.000361680984497,16.177417755126953,50000,49659,0.00682,,,0.0163728732199463,0.0160018360456902,0.6204215803727408,0.5678712829882401,0.6203408878067054,0.6204036159693533,0.5682293930623241,0.6202010010590163,0,501859,0,0.7389563093929681,0.985275079190624,0.0,0.7390316273629081,0.985375503150544,0.0,,,,,
census,alpha_eps01_b1000_abserr_census_aim_a0.8,fc3a2399,2026-05-17T16:09:42.970096,FileLoader,SmartNoiseModelLoader,TopKObtainer,WeightedVCRepairer,models/census_aim_eps0.1.pkl,50000,42,1000.0,1000.0,20,42,0.8,WeightedVCRepairer,SmartNoiseModelLoader,aim,1.857388257980347,16.588592767715454,0.000342845916748,16.20502781867981,50000,49659,0.00682,,,0.0163728732199463,0.0160018360456902,0.6204215803727408,0.5678712829882401,0.6203408878067054,0.6204036159693533,0.5682293930623241,0.6202010010590163,0,501859,0,0.7882200633524993,0.985275079190624,0.0,0.7883004025204352,0.985375503150544,0.0,,,,,
census,alpha_eps01_b1000_abserr_census_aim_a0.85,e99e7976,2026-05-17T16:15:54.420385,FileLoader,SmartNoiseModelLoader,TopKObtainer,WeightedVCRepairer,models/census_aim_eps0.1.pkl,50000,42,1000.0,1000.0,20,42,0.85,WeightedVCRepairer,SmartNoiseModelLoader,aim,1.3566875457763672,9.169174432754517,0.0002799034118652,8.75900411605835,50000,49659,0.00682,,,0.0163728732199463,0.0160018360456902,0.6204215803727408,0.5678712829882401,0.6203408878067054,0.6204036159693533,0.5682293930623241,0.6202010010590163,0,501859,0,0.8374838173120305,0.985275079190624,0.0,0.8375691776779624,0.985375503150544,0.0,,,,,
census,alpha_eps01_b1000_abserr_census_aim_a0.9,77408f18,2026-05-17T15:56:09.259023,FileLoader,SmartNoiseModelLoader,TopKObtainer,WeightedVCRepairer,models/census_aim_eps0.1.pkl,50000,42,1000.0,1000.0,20,42,0.9,WeightedVCRepairer,SmartNoiseModelLoader,aim,2.583409786224365,21.909139156341556,0.000502586364746,17.396542072296143,50000,49659,0.00682,,,0.0163728732199463,0.0160018360456902,0.6204215803727408,0.5678712829882401,0.6203408878067054,0.6204036159693533,0.5682293930623241,0.6202010010590163,0,501859,0,0.8867475712715617,0.985275079190624,0.0,0.8868379528354896,0.985375503150544,0.0,,,,,
census,alpha_eps01_b1000_abserr_census_aim_a0.95,75f6806a,2026-05-17T15:56:13.951470,FileLoader,SmartNoiseModelLoader,TopKObtainer,WeightedVCRepairer,models/census_aim_eps0.1.pkl,50000,42,1000.0,1000.0,20,42,0.95,WeightedVCRepairer,SmartNoiseModelLoader,aim,2.5884549617767334,25.11590266227722,0.0004513263702392,17.019785165786743,50000,49659,0.00682,,,0.0163728732199463,0.0160018360456902,0.6204215803727408,0.5678712829882401,0.6203408878067054,0.6204036159693533,0.5682293930623241,0.6202010010590163,0,501859,0,0.9360113252310928,0.985275079190624,0.0,0.9361067279930168,0.985375503150544,0.0,,,,,
census,alpha_eps01_b1000_abserr_census_aim_a1.0,924beeb7,2026-05-17T16:07:05.325995,FileLoader,SmartNoiseModelLoader,TopKObtainer,WeightedVCRepairer,models/census_aim_eps0.1.pkl,50000,42,1000.0,1000.0,20,42,1.0,WeightedVCRepairer,SmartNoiseModelLoader,aim,1.9219834804534912,15.349252462387083,0.0006334781646728,16.496649742126465,50000,49659,0.00682,,,0.0163728732199463,0.0160018360456902,0.6204215803727408,0.5678712829882401,0.6203408878067054,0.6204036159693533,0.5682293930623241,0.6202010010590163,0,501859,0,0.985275079190624,0.985275079190624,0.0,0.985375503150544,0.985375503150544,0.0,,,,,
census,alpha_eps01_b1000_abserr_census_mst_a0.0,e87dbda0,2026-05-17T16:37:40.560220,FileLoader,SmartNoiseModelLoader,TopKObtainer,WeightedVCRepairer,models/census_mst_eps0.1.pkl,50000,42,1000.0,1000.0,20,42,0.0,WeightedVCRepairer,SmartNoiseModelLoader,mst,1.785158634185791,1.2074029445648191,0.0004041194915771,2229.9517092704773,50000,11334,0.77332,,,0.0307376793423833,0.1466391049031022,0.6208839428861551,0.5535742683775846,0.6188345284079062,0.620864800489103,0.5549810873117125,0.6085391582764068,0,303094,0,0.0,0.985275079190624,0.0,0.0,0.9966621549509308,0.0,,,,,
census,alpha_eps01_b1000_abserr_census_mst_a0.05,54320cdf,2026-05-17T16:17:12.939704,FileLoader,SmartNoiseModelLoader,TopKObtainer,WeightedVCRepairer,models/census_mst_eps0.1.pkl,50000,42,1000.0,1000.0,20,42,0.05,WeightedVCRepairer,SmartNoiseModelLoader,mst,1.8806514739990237,1.5118029117584229,0.0003645420074462,10.92803192138672,50000,49787,0.00426,,,0.0307376793423833,0.030824410737205,0.6208839428861551,0.5535742683775846,0.6188345284079062,0.620883648387739,0.5538125175962804,0.6207246192429977,0,303094,0,0.0492637539595312,0.985275079190624,0.0,0.0492668903676636,0.985337807353272,0.0,,,,,
census,alpha_eps01_b1000_abserr_census_mst_a0.1,d8bce239,2026-05-17T15:56:07.157011,FileLoader,SmartNoiseModelLoader,TopKObtainer,WeightedVCRepairer,models/census_mst_eps0.1.pkl,50000,42,1000.0,1000.0,20,42,0.1,WeightedVCRepairer,SmartNoiseModelLoader,mst,2.5873467922210693,1.6139535903930664,0.0004277229309082,11.712128162384031,50000,49787,0.00426,,,0.0307376793423833,0.030824410737205,0.6208839428861551,0.5535742683775846,0.6188345284079062,0.620883648387739,0.5538125175962804,0.6207246192429977,0,303094,0,0.0985275079190624,0.985275079190624,0.0,0.0985337807353272,0.985337807353272,0.0,,,,,
census,alpha_eps01_b1000_abserr_census_mst_a0.15,e9caedbb,2026-05-17T15:56:05.722062,FileLoader,SmartNoiseModelLoader,TopKObtainer,WeightedVCRepairer,models/census_mst_eps0.1.pkl,50000,42,1000.0,1000.0,20,42,0.15,WeightedVCRepairer,SmartNoiseModelLoader,mst,2.590974807739258,1.6358563899993896,0.0004892349243164,11.867028951644896,50000,49787,0.00426,,,0.0307376793423833,0.030824410737205,0.6208839428861551,0.5535742683775846,0.6188345284079062,0.620883648387739,0.5538125175962804,0.6207246192429977,0,303094,0,0.1477912618785936,0.985275079190624,0.0,0.1478006711029908,0.985337807353272,0.0,,,,,
census,alpha_eps01_b1000_abserr_census_mst_a0.2,da4307af,2026-05-17T16:09:48.270325,FileLoader,SmartNoiseModelLoader,TopKObtainer,WeightedVCRepairer,models/census_mst_eps0.1.pkl,50000,42,1000.0,1000.0,20,42,0.2,WeightedVCRepairer,SmartNoiseModelLoader,mst,1.7711906433105469,1.2963285446166992,0.0003986358642578,10.878038883209229,50000,49787,0.00426,,,0.0307376793423833,0.030824410737205,0.6208839428861551,0.5535742683775846,0.6188345284079062,0.620883648387739,0.5538125175962804,0.6207246192429977,0,303094,0,0.1970550158381248,0.985275079190624,0.0,0.1970675614706544,0.985337807353272,0.0,,,,,
census,alpha_eps01_b1000_abserr_census_mst_a0.25,0d3ab88e,2026-05-17T16:09:48.196144,FileLoader,SmartNoiseModelLoader,TopKObtainer,WeightedVCRepairer,models/census_mst_eps0.1.pkl,50000,42,1000.0,1000.0,20,42,0.25,WeightedVCRepairer,SmartNoiseModelLoader,mst,1.8734235763549805,1.2456645965576172,0.0005173683166503,10.781001806259155,50000,49787,0.00426,,,0.0307376793423833,0.030824410737205,0.6208839428861551,0.5535742683775846,0.6188345284079062,0.620883648387739,0.5538125175962804,0.6207246192429977,0,303094,0,0.246318769797656,0.985275079190624,0.0,0.246334451838318,0.985337807353272,0.0,,,,,
census,alpha_eps01_b1000_abserr_census_mst_a0.3,bdc656f0,2026-05-17T16:15:51.169073,FileLoader,SmartNoiseModelLoader,TopKObtainer,WeightedVCRepairer,models/census_mst_eps0.1.pkl,50000,42,1000.0,1000.0,20,42,0.3,WeightedVCRepairer,SmartNoiseModelLoader,mst,1.2678842544555664,0.8449447154998779,0.0002405643463134,5.63044285774231,50000,49787,0.00426,,,0.0307376793423833,0.030824410737205,0.6208839428861551,0.5535742683775846,0.6188345284079062,0.620883648387739,0.5538125175962804,0.6207246192429977,0,303094,0,0.2955825237571872,0.985275079190624,0.0,0.2956013422059816,0.985337807353272,0.0,,,,,
census,alpha_eps01_b1000_abserr_census_mst_a0.35,ccf4c580,2026-05-17T15:55:51.053487,FileLoader,SmartNoiseModelLoader,TopKObtainer,WeightedVCRepairer,models/census_mst_eps0.1.pkl,50000,42,1000.0,1000.0,20,42,0.35,WeightedVCRepairer,SmartNoiseModelLoader,mst,2.5796968936920166,1.6651582717895508,0.0004363059997558,12.250020265579224,50000,49787,0.00426,,,0.0307376793423833,0.030824410737205,0.6208839428861551,0.5535742683775846,0.6188345284079062,0.620883648387739,0.5538125175962804,0.6207246192429977,0,303094,0,0.3448462777167184,0.985275079190624,0.0,0.3448682325736452,0.985337807353272,0.0,,,,,
census,alpha_eps01_b1000_abserr_census_mst_a0.4,9ad1c784,2026-05-17T15:55:51.221194,FileLoader,SmartNoiseModelLoader,TopKObtainer,WeightedVCRepairer,models/census_mst_eps0.1.pkl,50000,42,1000.0,1000.0,20,42,0.4,WeightedVCRepairer,SmartNoiseModelLoader,mst,2.592366933822632,1.6659955978393557,0.0004420280456542,11.813241958618164,50000,49787,0.00426,,,0.0307376793423833,0.030824410737205,0.6208839428861551,0.5535742683775846,0.6188345284079062,0.620883648387739,0.5538125175962804,0.6207246192429977,0,303094,0,0.3941100316762496,0.985275079190624,0.0,0.3941351229413088,0.985337807353272,0.0,,,,,
census,alpha_eps01_b1000_abserr_census_mst_a0.45,2f685b83,2026-05-17T16:09:13.375005,FileLoader,SmartNoiseModelLoader,TopKObtainer,WeightedVCRepairer,models/census_mst_eps0.1.pkl,50000,42,1000.0,1000.0,20,42,0.45,WeightedVCRepairer,SmartNoiseModelLoader,mst,2.2245144844055176,1.712709903717041,0.0004329681396484,10.925281763076782,50000,49787,0.00426,,,0.0307376793423833,0.030824410737205,0.6208839428861551,0.5535742683775846,0.6188345284079062,0.620883648387739,0.5538125175962804,0.6207246192429977,0,303094,0,0.4433737856357808,0.985275079190624,0.0,0.4434020133089724,0.985337807353272,0.0,,,,,
census,alpha_eps01_b1000_abserr_census_mst_a0.5,a0dc81be,2026-05-17T16:09:11.672128,FileLoader,SmartNoiseModelLoader,TopKObtainer,WeightedVCRepairer,models/census_mst_eps0.1.pkl,50000,42,1000.0,1000.0,20,42,0.5,WeightedVCRepairer,SmartNoiseModelLoader,mst,2.223773241043091,1.7131333351135254,0.0004544258117675,11.103156805038452,50000,49787,0.00426,,,0.0307376793423833,0.030824410737205,0.6208839428861551,0.5535742683775846,0.6188345284079062,0.620883648387739,0.5538125175962804,0.6207246192429977,0,303094,0,0.492637539595312,0.985275079190624,0.0,0.492668903676636,0.985337807353272,0.0,,,,,
census,alpha_eps01_b1000_abserr_census_mst_a0.55,b23de6b7,2026-05-17T16:15:21.619652,FileLoader,SmartNoiseModelLoader,TopKObtainer,WeightedVCRepairer,models/census_mst_eps0.1.pkl,50000,42,1000.0,1000.0,20,42,0.55,WeightedVCRepairer,SmartNoiseModelLoader,mst,1.444103479385376,1.0626320838928225,0.0003199577331542,6.517834663391113,50000,49787,0.00426,,,0.0307376793423833,0.030824410737205,0.6208839428861551,0.5535742683775846,0.6188345284079062,0.620883648387739,0.5538125175962804,0.6207246192429977,0,303094,0,0.5419012935548433,0.985275079190624,0.0,0.5419357940442997,0.985337807353272,0.0,,,,,
census,alpha_eps01_b1000_abserr_census_mst_a0.6,19105e3a,2026-05-17T15:55:53.397746,FileLoader,SmartNoiseModelLoader,TopKObtainer,WeightedVCRepairer,models/census_mst_eps0.1.pkl,50000,42,1000.0,1000.0,20,42,0.6,WeightedVCRepairer,SmartNoiseModelLoader,mst,2.592835664749145,1.5599937438964844,0.0004725456237792,11.547264575958252,50000,49787,0.00426,,,0.0307376793423833,0.030824410737205,0.6208839428861551,0.5535742683775846,0.6188345284079062,0.620883648387739,0.5538125175962804,0.6207246192429977,0,303094,0,0.5911650475143744,0.985275079190624,0.0,0.5912026844119632,0.985337807353272,0.0,,,,,
census,alpha_eps01_b1000_abserr_census_mst_a0.65,8f7fed7e,2026-05-17T15:55:54.269735,FileLoader,SmartNoiseModelLoader,TopKObtainer,WeightedVCRepairer,models/census_mst_eps0.1.pkl,50000,42,1000.0,1000.0,20,42,0.65,WeightedVCRepairer,SmartNoiseModelLoader,mst,2.5918290615081787,1.5549194812774658,0.0004575252532958,11.384101629257202,50000,49787,0.00426,,,0.0307376793423833,0.030824410737205,0.6208839428861551,0.5535742683775846,0.6188345284079062,0.620883648387739,0.5538125175962804,0.6207246192429977,0,303094,0,0.6404288014739057,0.985275079190624,0.0,0.6404695747796268,0.985337807353272,0.0,,,,,
census,alpha_eps01_b1000_abserr_census_mst_a0.7,788f55aa,2026-05-17T16:09:20.490146,FileLoader,SmartNoiseModelLoader,TopKObtainer,WeightedVCRepairer,models/census_mst_eps0.1.pkl,50000,42,1000.0,1000.0,20,42,0.7,WeightedVCRepairer,SmartNoiseModelLoader,mst,1.978243589401245,1.2261641025543213,0.0004050731658935,10.750557899475098,50000,49787,0.00426,,,0.0307376793423833,0.030824410737205,0.6208839428861551,0.5535742683775846,0.6188345284079062,0.620883648387739,0.5538125175962804,0.6207246192429977,0,303094,0,0.6896925554334368,0.985275079190624,0.0,0.6897364651472904,0.985337807353272,0.0,,,,,
census,alpha_eps01_b1000_abserr_census_mst_a0.75,17036ec8,2026-05-17T16:09:22.711292,FileLoader,SmartNoiseModelLoader,TopKObtainer,WeightedVCRepairer,models/census_mst_eps0.1.pkl,50000,42,1000.0,1000.0,20,42,0.75,WeightedVCRepairer,SmartNoiseModelLoader,mst,2.059592962265014,1.2576582431793213,0.0004210472106933,10.828601121902466,50000,49787,0.00426,,,0.0307376793423833,0.030824410737205,0.6208839428861551,0.5535742683775846,0.6188345284079062,0.620883648387739,0.5538125175962804,0.6207246192429977,0,303094,0,0.7389563093929681,0.985275079190624,0.0,0.739003355514954,0.985337807353272,0.0,,,,,
census,alpha_eps01_b1000_abserr_census_mst_a0.8,41d657c1,2026-05-17T16:15:27.178506,FileLoader,SmartNoiseModelLoader,TopKObtainer,WeightedVCRepairer,models/census_mst_eps0.1.pkl,50000,42,1000.0,1000.0,20,42,0.8,WeightedVCRepairer,SmartNoiseModelLoader,mst,1.1725430488586426,0.843902587890625,0.0002686977386474,5.76713228225708,50000,49787,0.00426,,,0.0307376793423833,0.030824410737205,0.6208839428861551,0.5535742683775846,0.6188345284079062,0.620883648387739,0.5538125175962804,0.6207246192429977,0,303094,0,0.7882200633524993,0.985275079190624,0.0,0.7882702458826176,0.985337807353272,0.0,,,,,
census,alpha_eps01_b1000_abserr_census_mst_a0.85,6b741e1f,2026-05-17T15:51:48.550523,FileLoader,SmartNoiseModelLoader,TopKObtainer,WeightedVCRepairer,models/census_mst_eps0.1.pkl,50000,42,1000.0,1000.0,20,42,0.85,WeightedVCRepairer,SmartNoiseModelLoader,mst,2.19230055809021,1.479750394821167,0.0003199577331542,10.625596761703491,50000,49787,0.00426,,,0.0307376793423833,0.030824410737205,0.6208839428861551,0.5535742683775846,0.6188345284079062,0.620883648387739,0.5538125175962804,0.6207246192429977,0,303094,0,0.8374838173120305,0.985275079190624,0.0,0.8375371362502813,0.985337807353272,0.0,,,,,
census,alpha_eps01_b1000_abserr_census_mst_a0.9,8879b04a,2026-05-17T15:51:49.783262,FileLoader,SmartNoiseModelLoader,TopKObtainer,WeightedVCRepairer,models/census_mst_eps0.1.pkl,50000,42,1000.0,1000.0,20,42,0.9,WeightedVCRepairer,SmartNoiseModelLoader,mst,2.1918132305145264,1.482651710510254,0.0002722740173339,10.416538715362549,50000,49787,0.00426,,,0.0307376793423833,0.030824410737205,0.6208839428861551,0.5535742683775846,0.6188345284079062,0.620883648387739,0.5538125175962804,0.6207246192429977,0,303094,0,0.8867475712715617,0.985275079190624,0.0,0.8868040266179449,0.985337807353272,0.0,,,,,
census,alpha_eps01_b1000_abserr_census_mst_a0.95,df078e2e,2026-05-17T16:01:29.279875,FileLoader,SmartNoiseModelLoader,TopKObtainer,WeightedVCRepairer,models/census_mst_eps0.1.pkl,50000,42,1000.0,1000.0,20,42,0.95,WeightedVCRepairer,SmartNoiseModelLoader,mst,2.153895378112793,1.7639732360839844,0.0004336833953857,10.836650848388672,50000,49787,0.00426,,,0.0307376793423833,0.030824410737205,0.6208839428861551,0.5535742683775846,0.6188345284079062,0.620883648387739,0.5538125175962804,0.6207246192429977,0,303094,0,0.9360113252310928,0.985275079190624,0.0,0.9360709169856084,0.985337807353272,0.0,,,,,
census,alpha_eps01_b1000_abserr_census_mst_a1.0,fd7c5adb,2026-05-17T16:01:31.714523,FileLoader,SmartNoiseModelLoader,TopKObtainer,WeightedVCRepairer,models/census_mst_eps0.1.pkl,50000,42,1000.0,1000.0,20,42,1.0,WeightedVCRepairer,SmartNoiseModelLoader,mst,2.153594970703125,1.7516696453094482,0.0003833770751953,10.84887409210205,50000,49787,0.00426,,,0.0307376793423833,0.030824410737205,0.6208839428861551,0.5535742683775846,0.6188345284079062,0.620883648387739,0.5538125175962804,0.6207246192429977,0,303094,0,0.985275079190624,0.985275079190624,0.0,0.985337807353272,0.985337807353272,0.0,,,,,
compas,alpha_eps01_b1000_abserr_compas_aim_a0.05,735f4b24,2026-05-18T00:50:09.761252,FileLoader,SmartNoiseModelLoader,TopKObtainer,WeightedVCRepairer,models/compas_aim_eps0.1.pkl,50000,42,1000.0,1000.0,20,42,0.05,WeightedVCRepairer,SmartNoiseModelLoader,aim,0.4085814952850342,3.4376800060272217,0.7712466716766357,32663.24186563492,50000,19202,0.61596,0.3058168168523125,0.0698003324261567,0.0300444550033572,0.1174171125556492,0.5524194874831408,0.4646369946379815,0.4877463074443238,0.5344090266127175,0.4532550412842527,0.4757557814401789,0,39392194,0,0.022047049230961,0.1776045264646863,0.0138598135870808,0.0378719992808972,0.6841672423434981,0.0038564601723393,2.3080516609890103e-05,1.0,20.0,20.0,
compas,alpha_eps01_b1000_abserr_compas_aim_a0.1,69c8cf06,2026-05-18T00:50:20.081642,FileLoader,SmartNoiseModelLoader,TopKObtainer,WeightedVCRepairer,models/compas_aim_eps0.1.pkl,50000,42,1000.0,1000.0,20,42,0.1,WeightedVCRepairer,SmartNoiseModelLoader,aim,0.4078471660614013,3.415631055831909,0.7709918022155762,32658.880204439163,50000,19329,0.61342,0.3058168168523125,0.0636062272727694,0.0300444550033572,0.1160536924086029,0.5524194874831408,0.4646369946379815,0.4877463074443238,0.5379946708773314,0.4533701766505477,0.4691272739234843,0,39392194,0,0.0302342848748413,0.1776045264646863,0.0138598135870808,0.0707570995029755,0.6820783578407185,0.0028325152432263,2.3080516609890103e-05,1.0,20.0,20.0,
compas,alpha_eps01_b1000_abserr_compas_aim_a0.3,ac03cb03,2026-05-17T20:50:01.451096,FileLoader,SmartNoiseModelLoader,TopKObtainer,WeightedVCRepairer,models/compas_aim_eps0.1.pkl,50000,42,1000.0,1000.0,20,42,0.3,WeightedVCRepairer,SmartNoiseModelLoader,aim,0.4080500602722168,3.435264110565185,0.7599625587463379,18231.31796979904,50000,40723,0.18554,0.3058168168523125,0.0929627919953444,0.0300444550033572,0.0513105563586477,0.5524194874831408,0.4646369946379815,0.4877463074443238,0.5659396690680615,0.4685187012730682,0.480344748182506,0,39392194,0,0.0629832274503624,0.1776045264646863,0.0138598135870808,0.1011660257841705,0.3301917826244284,0.0030121299954886,2.3080516609890103e-05,1.0,20.0,20.0,
compas,alpha_eps01_b1000_abserr_compas_aim_a0.35,69adc460,2026-05-17T18:12:58.204601,FileLoader,SmartNoiseModelLoader,TopKObtainer,WeightedVCRepairer,models/compas_aim_eps0.1.pkl,50000,42,1000.0,1000.0,20,42,0.35,WeightedVCRepairer,SmartNoiseModelLoader,aim,0.4094033241271972,3.4301915168762207,0.7648923397064209,8802.713682174683,50000,45542,0.08916,0.3058168168523125,0.2284500975663633,0.0300444550033572,0.0368989243770149,0.5524194874831408,0.4646369946379815,0.4877463074443238,0.5637685450179282,0.4683542221783611,0.490312181321754,0,39392194,0,0.0711704630942427,0.1776045264646863,0.0138598135870808,0.0931395847059818,0.2509293068850949,0.0081758881479978,2.3080516609890103e-05,1.0,20.0,20.0,
compas,alpha_eps01_b1000_abserr_compas_aim_a0.4,36bc2f8f,2026-05-17T20:35:19.721698,FileLoader,SmartNoiseModelLoader,TopKObtainer,WeightedVCRepairer,models/compas_aim_eps0.1.pkl,50000,42,1000.0,1000.0,20,42,0.4,WeightedVCRepairer,SmartNoiseModelLoader,aim,0.2953755855560303,1.9395389556884768,0.5137312412261963,8283.042712688446,50000,45523,0.08954,0.3058168168523125,0.2279868151035209,0.0300444550033572,0.0370219427384122,0.5524194874831408,0.4646369946379815,0.4877463074443238,0.5637849929273989,0.4696042632981348,0.4897694003092206,0,39392194,0,0.079357698738123,0.1776045264646863,0.0138598135870808,0.1054158359268669,0.2512418171650383,0.0081985151014193,2.3080516609890103e-05,1.0,20.0,20.0,
compas,alpha_eps01_b1000_abserr_compas_aim_a0.45,ddb318b1,2026-05-17T22:54:30.366080,FileLoader,SmartNoiseModelLoader,TopKObtainer,WeightedVCRepairer,models/compas_aim_eps0.1.pkl,50000,42,1000.0,1000.0,20,42,0.45,WeightedVCRepairer,SmartNoiseModelLoader,aim,0.2842979431152344,1.7457716464996338,0.5344793796539307,8100.388816595077,50000,45537,0.08926,0.3058168168523125,0.2282540845716983,0.0300444550033572,0.0369345993974398,0.5524194874831408,0.4646369946379815,0.4877463074443238,0.5637849929273989,0.471775387348268,0.4865456100529622,0,39392194,0,0.0875449343820033,0.1776045264646863,0.0138598135870808,0.1174728679305082,0.2510115464324484,0.0082139491561934,2.3080516609890103e-05,1.0,20.0,20.0,
compas,alpha_eps01_b1000_abserr_compas_aim_a0.5,632c036e,2026-05-17T23:04:21.293933,FileLoader,SmartNoiseModelLoader,TopKObtainer,WeightedVCRepairer,models/compas_aim_eps0.1.pkl,50000,42,1000.0,1000.0,20,42,0.5,WeightedVCRepairer,SmartNoiseModelLoader,aim,0.2768692970275879,1.924379825592041,0.5720956325531006,7919.938086509705,50000,45534,0.08932,0.3058168168523125,0.2284367909811857,0.0300444550033572,0.0373492717855954,0.5524194874831408,0.4646369946379815,0.4877463074443238,0.5621895457087405,0.468864107371953,0.4843580380933583,0,39392194,0,0.0957321700258835,0.1776045264646863,0.0138598135870808,0.1296605110724595,0.2510608901608605,0.0082601319840586,2.3080516609890103e-05,1.0,20.0,20.0,
compas,alpha_eps01_b1000_abserr_compas_aim_a0.55,27c8ea83,2026-05-17T18:06:48.253125,FileLoader,SmartNoiseModelLoader,TopKObtainer,WeightedVCRepairer,models/compas_aim_eps0.1.pkl,50000,42,1000.0,1000.0,20,42,0.55,WeightedVCRepairer,SmartNoiseModelLoader,aim,0.397536039352417,3.456061601638794,0.7488851547241211,8429.563406467438,50000,45185,0.0963,0.3058168168523125,0.2277686008170085,0.0300444550033572,0.0389448462355959,0.5524194874831408,0.4646369946379815,0.4877463074443238,0.5627652225402151,0.4651962235599855,0.4886180466462712,0,39392194,0,0.1039194056697638,0.1776045264646863,0.0138598135870808,0.1448683248840613,0.256801210566137,0.0080614646059689,2.3080516609890103e-05,1.0,20.0,20.0,
compas,alpha_eps01_b1000_abserr_compas_aim_a0.6,7a3c1eb2,2026-05-17T17:41:57.065790,FileLoader,SmartNoiseModelLoader,TopKObtainer,WeightedVCRepairer,models/compas_aim_eps0.1.pkl,50000,42,1000.0,1000.0,20,42,0.6,WeightedVCRepairer,SmartNoiseModelLoader,aim,0.3902697563171386,3.452736616134644,0.7493124008178711,6935.646638393402,50000,45529,0.08942,0.3058168168523125,0.2469499962656181,0.0300444550033572,0.0383181775182896,0.5524194874831408,0.4646369946379815,0.4877463074443238,0.5616303167867364,0.4692424092897793,0.4863317872298431,0,39392194,0,0.1121066413136441,0.1776045264646863,0.0138598135870808,0.1542320252722311,0.251143129708214,0.0088653686182568,2.3080516609890103e-05,1.0,20.0,20.0,
compas,alpha_eps01_b1000_abserr_compas_aim_a0.65,c26eb419,2026-05-17T19:32:50.910852,FileLoader,SmartNoiseModelLoader,TopKObtainer,WeightedVCRepairer,models/compas_aim_eps0.1.pkl,50000,42,1000.0,1000.0,20,42,0.65,WeightedVCRepairer,SmartNoiseModelLoader,aim,0.2834351062774658,2.043102741241455,0.5297238826751709,6407.994378328323,50000,46078,0.07844,0.3058168168523125,0.2573372511428633,0.0300444550033572,0.0364278991057587,0.5524194874831408,0.4646369946379815,0.4877463074443238,0.5599855258396658,0.4696042632981348,0.4881575051810914,0,39392194,0,0.1202938769575244,0.1776045264646863,0.0138598135870808,0.1606960394689892,0.2421132274087963,0.0094926904379188,2.3080516609890103e-05,1.0,20.0,20.0,
compas,alpha_eps01_b1000_abserr_compas_aim_a0.7,89b828c7,2026-05-17T19:26:29.800954,FileLoader,SmartNoiseModelLoader,TopKObtainer,WeightedVCRepairer,models/compas_aim_eps0.1.pkl,50000,42,1000.0,1000.0,20,42,0.7,WeightedVCRepairer,SmartNoiseModelLoader,aim,0.2975952625274658,1.9312620162963867,0.5228981971740723,4504.931247472763,50000,46732,0.06536,0.3058168168523125,0.2880877114388605,0.0300444550033572,0.0338576361999768,0.5524194874831408,0.4646369946379815,0.4877463074443238,0.5603967235764334,0.4673180038817066,0.4915293266225862,0,39392194,0,0.1284811126014046,0.1776045264646863,0.0138598135870808,0.1652944352852946,0.2313562946149544,0.0111500968494218,2.3080516609890103e-05,1.0,20.0,20.0,
compas,alpha_eps01_b1000_abserr_compas_aim_a0.75,6c02647d,2026-05-17T20:22:44.006871,FileLoader,SmartNoiseModelLoader,TopKObtainer,WeightedVCRepairer,models/compas_aim_eps0.1.pkl,50000,42,1000.0,1000.0,20,42,0.75,WeightedVCRepairer,SmartNoiseModelLoader,aim,0.2723376750946045,1.7923946380615234,0.5482027530670166,3231.892532348633,50000,47397,0.05206,0.3058168168523125,0.3043904604945963,0.0300444550033572,0.0318566622320357,0.5524194874831408,0.4646369946379815,0.4877463074443238,0.5609395045889668,0.4646698904569229,0.4909865456100529,0,39392194,0,0.1366683482452849,0.1776045264646863,0.0138598135870808,0.168676070751533,0.2204184348169347,0.0134489785553277,2.3080516609890103e-05,1.0,20.0,20.0,
compas,alpha_eps01_b1000_abserr_compas_aim_a0.8,899adf22,2026-05-17T17:03:37.332109,FileLoader,SmartNoiseModelLoader,TopKObtainer,WeightedVCRepairer,models/compas_aim_eps0.1.pkl,50000,42,1000.0,1000.0,20,42,0.8,WeightedVCRepairer,SmartNoiseModelLoader,aim,0.4093689918518066,3.4270243644714355,0.798729658126831,4619.801181077957,50000,47414,0.05172,0.3058168168523125,0.3050958303796082,0.0300444550033572,0.0315833045409927,0.5524194874831408,0.4646369946379815,0.4877463074443238,0.5643277739399323,0.4663804730418763,0.492105003454061,0,39392194,0,0.1448555838891652,0.1776045264646863,0.0138598135870808,0.1788247038378649,0.2201388203559327,0.0135682377655934,2.3080516609890103e-05,1.0,20.0,20.0,
compas,alpha_eps01_b1000_abserr_compas_aim_a0.85,a5a6ac92,2026-05-17T17:03:33.075814,FileLoader,SmartNoiseModelLoader,TopKObtainer,WeightedVCRepairer,models/compas_aim_eps0.1.pkl,50000,42,1000.0,1000.0,20,42,0.85,WeightedVCRepairer,SmartNoiseModelLoader,aim,0.4108924865722656,3.427760362625122,0.8105411529541016,4615.559154033661,50000,47414,0.05172,0.3058168168523125,0.3050958303796082,0.0300444550033572,0.0315833045409927,0.5524194874831408,0.4646369946379815,0.4877463074443238,0.5643277739399323,0.4663804730418763,0.492105003454061,0,39392194,0,0.1530428195330455,0.1776045264646863,0.0138598135870808,0.1891532329673818,0.2201388203559327,0.0135682377655934,2.3080516609890103e-05,1.0,20.0,20.0,
compas,alpha_eps01_b1000_abserr_compas_aim_a0.9,510a16e4,2026-05-17T18:23:38.657147,FileLoader,SmartNoiseModelLoader,TopKObtainer,WeightedVCRepairer,models/compas_aim_eps0.1.pkl,50000,42,1000.0,1000.0,20,42,0.9,WeightedVCRepairer,SmartNoiseModelLoader,aim,0.2823269367218017,1.8578076362609863,0.6252949237823486,4541.259917974472,50000,47414,0.05172,0.3058168168523125,0.3050958303796082,0.0300444550033572,0.0315833045409927,0.5524194874831408,0.4646369946379815,0.4877463074443238,0.5643277739399323,0.4663804730418763,0.492105003454061,0,39392194,0,0.1612300551769257,0.1776045264646863,0.0138598135870808,0.1994817620968988,0.2201388203559327,0.0135682377655934,2.3080516609890103e-05,1.0,20.0,20.0,
compas,alpha_eps01_b1000_abserr_compas_aim_a0.95,9000ede2,2026-05-17T18:23:38.783392,FileLoader,SmartNoiseModelLoader,TopKObtainer,WeightedVCRepairer,models/compas_aim_eps0.1.pkl,50000,42,1000.0,1000.0,20,42,0.95,WeightedVCRepairer,SmartNoiseModelLoader,aim,0.3008790016174316,1.7384305000305176,0.7231848239898682,4539.148334503174,50000,47414,0.05172,0.3058168168523125,0.3050958303796082,0.0300444550033572,0.0315833045409927,0.5524194874831408,0.4646369946379815,0.4877463074443238,0.5643277739399323,0.4663804730418763,0.492105003454061,0,39392194,0,0.169417290820806,0.1776045264646863,0.0138598135870808,0.2098102912264157,0.2201388203559327,0.0135682377655934,2.3080516609890103e-05,1.0,20.0,20.0,
compas,alpha_eps01_b1000_abserr_compas_aim_a1.0,960baa44,2026-05-17T19:20:38.544625,FileLoader,SmartNoiseModelLoader,TopKObtainer,WeightedVCRepairer,models/compas_aim_eps0.1.pkl,50000,42,1000.0,1000.0,20,42,1.0,WeightedVCRepairer,SmartNoiseModelLoader,aim,0.228330373764038,1.803152561187744,0.4238405227661133,3284.059172153473,50000,47414,0.05172,0.3058168168523125,0.3050958303796082,0.0300444550033572,0.0315833045409927,0.5524194874831408,0.4646369946379815,0.4877463074443238,0.5643277739399323,0.4663804730418763,0.492105003454061,0,39392194,0,0.1776045264646863,0.1776045264646863,0.0138598135870808,0.2201388203559327,0.2201388203559327,0.0135682377655934,2.3080516609890103e-05,1.0,20.0,20.0,
compas,alpha_eps01_b1000_abserr_compas_mst_a0.05,13d71535,2026-05-17T20:30:58.730656,FileLoader,SmartNoiseModelLoader,TopKObtainer,WeightedVCRepairer,models/compas_mst_eps0.1.pkl,50000,42,1000.0,1000.0,20,42,0.05,WeightedVCRepairer,SmartNoiseModelLoader,mst,0.4115357398986816,3.376673936843872,0.7826671600341797,17117.58687400818,50000,7776,0.84448,0.630849915872578,0.0315586785936615,0.0409625924614393,0.2439218360104963,0.6300865160038159,0.6290996414355735,0.6695121550050989,0.3259153261620448,0.308825948221981,0.3013914931412217,0,19949230,0,0.0250696417661968,0.1776045264646863,0.0170414899399605,0.0452208473766035,0.872101055955788,0.0017008363987517,9.48984146867724e-05,1.0,20.0,20.0,
compas,alpha_eps01_b1000_abserr_compas_mst_a0.1,954cb175,2026-05-18T01:04:26.310268,FileLoader,SmartNoiseModelLoader,TopKObtainer,WeightedVCRepairer,models/compas_mst_eps0.1.pkl,50000,42,1000.0,1000.0,20,42,0.1,WeightedVCRepairer,SmartNoiseModelLoader,mst,0.2559189796447754,1.764639377593994,0.5400981903076172,16199.54399394989,50000,7506,0.84988,0.630849915872578,0.0337355583536905,0.0409625924614393,0.2456701536675582,0.6300865160038159,0.6290996414355735,0.6695121550050989,0.3321819796703839,0.2873285305437679,0.2857824270535214,0,19949230,0,0.0330977935924331,0.1776045264646863,0.0170414899399605,0.0884245155491794,0.8765419915128787,0.0008559071087683,9.48984146867724e-05,1.0,20.0,20.0,
compas,alpha_eps01_b1000_abserr_compas_mst_a0.25,b9e2e956,2026-05-17T17:54:47.436444,FileLoader,SmartNoiseModelLoader,TopKObtainer,WeightedVCRepairer,models/compas_mst_eps0.1.pkl,50000,42,1000.0,1000.0,20,42,0.25,WeightedVCRepairer,SmartNoiseModelLoader,mst,0.3315613269805908,1.7773714065551758,0.6763243675231934,7606.484872341156,50000,45417,0.09166,0.630849915872578,0.3532339464141348,0.0409625924614393,0.0432842404626542,0.6300865160038159,0.6290996414355735,0.6695121550050989,0.6364354090595086,0.6309253593868219,0.6761242146123227,0,19949230,0,0.0571822490711419,0.1776045264646863,0.0170414899399605,0.0679881639166083,0.2529852955689332,0.0063224533658333,9.48984146867724e-05,1.0,20.0,20.0,
compas,alpha_eps01_b1000_abserr_compas_mst_a0.3,26a3bfed,2026-05-17T17:47:55.970717,FileLoader,SmartNoiseModelLoader,TopKObtainer,WeightedVCRepairer,models/compas_mst_eps0.1.pkl,50000,42,1000.0,1000.0,20,42,0.3,WeightedVCRepairer,SmartNoiseModelLoader,mst,0.3303983211517334,1.7569928169250488,0.6785130500793457,7150.206282615662,50000,45683,0.08634,0.630849915872578,0.4011726839960085,0.0409625924614393,0.0428035228363911,0.6300865160038159,0.6290996414355735,0.6695121550050989,0.6347248264745551,0.6282772459620383,0.6584920556597257,0,19949230,0,0.0652104008973782,0.1776045264646863,0.0170414899399605,0.0791566149550235,0.2486101516497253,0.0065336706572941,9.48984146867724e-05,1.0,20.0,20.0,
compas,alpha_eps01_b1000_abserr_compas_mst_a0.35,4054caa7,2026-05-17T19:56:57.812074,FileLoader,SmartNoiseModelLoader,TopKObtainer,WeightedVCRepairer,models/compas_mst_eps0.1.pkl,50000,42,1000.0,1000.0,20,42,0.35,WeightedVCRepairer,SmartNoiseModelLoader,mst,0.3028664588928222,1.723921775817871,0.6688046455383301,7356.711268186569,50000,44636,0.10728,0.630849915872578,0.3571473553918888,0.0409625924614393,0.0451957809641022,0.6300865160038159,0.6290996414355735,0.6695121550050989,0.6387216684759367,0.6318628902266522,0.6491002993519523,0,19949230,0,0.0732385527236145,0.1776045264646863,0.0170414899399605,0.096681522045235,0.2658311128655548,0.0056009731419859,9.48984146867724e-05,1.0,20.0,20.0,
compas,alpha_eps01_b1000_abserr_compas_mst_a0.4,6dded7a5,2026-05-17T20:01:50.374895,FileLoader,SmartNoiseModelLoader,TopKObtainer,WeightedVCRepairer,models/compas_mst_eps0.1.pkl,50000,42,1000.0,1000.0,20,42,0.4,WeightedVCRepairer,SmartNoiseModelLoader,mst,0.3001666069030761,1.6325304508209229,0.6463966369628906,7338.810734272003,50000,44298,0.11404,0.630849915872578,0.351033378159498,0.0409625924614393,0.0467781568122514,0.6300865160038159,0.6290996414355735,0.6695121550050989,0.6379486167308135,0.6325208066054805,0.6679167077864403,0,19949230,0,0.0812667045498508,0.1776045264646863,0.0170414899399605,0.1117927736498753,0.2713905062666535,0.0053942852386899,9.48984146867724e-05,1.0,20.0,20.0,
compas,alpha_eps01_b1000_abserr_compas_mst_a0.45,74b01abd,2026-05-17T21:16:25.717164,FileLoader,SmartNoiseModelLoader,TopKObtainer,WeightedVCRepairer,models/compas_mst_eps0.1.pkl,50000,42,1000.0,1000.0,20,42,0.45,WeightedVCRepairer,SmartNoiseModelLoader,mst,0.3079476356506347,1.626657247543335,0.6725826263427734,4585.657568693161,50000,45853,0.08294,0.630849915872578,0.4152535483552815,0.0409625924614393,0.0427528931431672,0.6300865160038159,0.6290996414355735,0.6695121550050989,0.6362380341458601,0.6311391822099411,0.6680647389716767,0,19949230,0,0.0892948563760871,0.1776045264646863,0.0170414899399605,0.1143006548542254,0.2458140070397052,0.0066988212479237,9.48984146867724e-05,1.0,20.0,20.0,
compas,alpha_eps01_b1000_abserr_compas_mst_a0.5,2fe5106d,2026-05-17T17:44:03.196350,FileLoader,SmartNoiseModelLoader,TopKObtainer,WeightedVCRepairer,models/compas_mst_eps0.1.pkl,50000,42,1000.0,1000.0,20,42,0.5,WeightedVCRepairer,SmartNoiseModelLoader,mst,0.3203718662261963,1.7692019939422607,0.6783902645111084,6993.365590572357,50000,46309,0.07382,0.630849915872578,0.4412335756281923,0.0409625924614393,0.0424149314257142,0.6300865160038159,0.6290996414355735,0.6695121550050989,0.6354649824007369,0.6311062863909997,0.6663048126583111,0,19949230,0,0.0973230082023234,0.1776045264646863,0.0170414899399605,0.122720182352913,0.2383137603210632,0.0071266043847628,9.48984146867724e-05,1.0,20.0,20.0,
compas,alpha_eps01_b1000_abserr_compas_mst_a0.55,1d624d97,2026-05-17T17:29:20.248459,FileLoader,SmartNoiseModelLoader,TopKObtainer,WeightedVCRepairer,models/compas_mst_eps0.1.pkl,50000,42,1000.0,1000.0,20,42,0.55,WeightedVCRepairer,SmartNoiseModelLoader,mst,0.3264663219451904,1.7741987705230713,0.6860589981079102,6066.89252448082,50000,47496,0.05008,0.630849915872578,0.5557909704925056,0.0409625924614393,0.0420818102021845,0.6300865160038159,0.6290996414355735,0.6695121550050989,0.6361228987795651,0.6298562452712261,0.6615184710023356,0,19949230,0,0.1053511600285597,0.1776045264646863,0.0170414899399605,0.1245991141485802,0.2187900917793348,0.0094768081554356,9.48984146867724e-05,1.0,20.0,20.0,
compas,alpha_eps01_b1000_abserr_compas_mst_a0.6,a157bdd8,2026-05-17T19:04:25.213625,FileLoader,SmartNoiseModelLoader,TopKObtainer,WeightedVCRepairer,models/compas_mst_eps0.1.pkl,50000,42,1000.0,1000.0,20,42,0.6,WeightedVCRepairer,SmartNoiseModelLoader,mst,0.3086972236633301,1.627955198287964,0.636340856552124,5354.971714496613,50000,47914,0.04172,0.630849915872578,0.6014046867775708,0.0409625924614393,0.0422926493540792,0.6300865160038159,0.6290996414355735,0.6695121550050989,0.6339188789104905,0.6300536201848745,0.6673903746833777,0,19949230,0,0.113379311854796,0.1776045264646863,0.0170414899399605,0.1315023326626868,0.2119148656205796,0.0108835332258477,9.48984146867724e-05,1.0,20.0,20.0,
compas,alpha_eps01_b1000_abserr_compas_mst_a0.65,d79d4819,2026-05-17T18:43:45.709344,FileLoader,SmartNoiseModelLoader,TopKObtainer,WeightedVCRepairer,models/compas_mst_eps0.1.pkl,50000,42,1000.0,1000.0,20,42,0.65,WeightedVCRepairer,SmartNoiseModelLoader,mst,0.2951021194458008,1.546846866607666,0.6604576110839844,3201.21542429924,50000,48413,0.03174,0.630849915872578,0.6209829300053119,0.0409625924614393,0.0408774398870199,0.6300865160038159,0.6290996414355735,0.6695121550050989,0.6329155564327774,0.6287213395177473,0.6703509983881049,0,19949230,0,0.1214074636810323,0.1776045264646863,0.0170414899399605,0.1372045549929801,0.2037073587946972,0.0136993479326484,9.48984146867724e-05,1.0,20.0,20.0,
compas,alpha_eps01_b1000_abserr_compas_mst_a0.7,23a512f4,2026-05-17T19:10:16.903254,FileLoader,SmartNoiseModelLoader,TopKObtainer,WeightedVCRepairer,models/compas_mst_eps0.1.pkl,50000,42,1000.0,1000.0,20,42,0.7,WeightedVCRepairer,SmartNoiseModelLoader,mst,0.2816922664642334,1.5020408630371094,0.6197638511657715,1412.7998850345612,50000,49003,0.01994,0.630849915872578,0.6296750259451567,0.0409625924614393,0.040503224880826,0.6300865160038159,0.6290996414355735,0.6695121550050989,0.6318793381361228,0.631928681864535,0.6670285206750222,0,19949230,0,0.1294356155072686,0.1776045264646863,0.0170414899399605,0.1409620199447264,0.1940030922069805,0.017199517999467,9.48984146867724e-05,1.0,20.0,20.0,
compas,alpha_eps01_b1000_abserr_compas_mst_a0.75,a416c207,2026-05-17T16:13:12.855349,FileLoader,SmartNoiseModelLoader,TopKObtainer,WeightedVCRepairer,models/compas_mst_eps0.1.pkl,50000,42,1000.0,1000.0,20,42,0.75,WeightedVCRepairer,SmartNoiseModelLoader,mst,0.3338081836700439,1.7540624141693115,0.6964037418365479,1456.0470521450045,50000,49003,0.01994,0.630849915872578,0.6296750259451567,0.0409625924614393,0.040503224880826,0.6300865160038159,0.6290996414355735,0.6695121550050989,0.6318793381361228,0.631928681864535,0.6670285206750222,0,19949230,0,0.1374637673335048,0.1776045264646863,0.0170414899399605,0.1498021986551021,0.1940030922069805,0.017199517999467,9.48984146867724e-05,1.0,20.0,20.0,
compas,alpha_eps01_b1000_abserr_compas_mst_a0.8,8d4dbc71,2026-05-17T16:13:10.314255,FileLoader,SmartNoiseModelLoader,TopKObtainer,WeightedVCRepairer,models/compas_mst_eps0.1.pkl,50000,42,1000.0,1000.0,20,42,0.8,WeightedVCRepairer,SmartNoiseModelLoader,mst,0.3329477310180664,1.7539148330688477,0.6895265579223633,1455.599758863449,50000,49003,0.01994,0.630849915872578,0.6296750259451567,0.0409625924614393,0.040503224880826,0.6300865160038159,0.6290996414355735,0.6695121550050989,0.6318793381361228,0.631928681864535,0.6670285206750222,0,19949230,0,0.1454919191597412,0.1776045264646863,0.0170414899399605,0.1586423773654778,0.1940030922069805,0.017199517999467,9.48984146867724e-05,1.0,20.0,20.0,
compas,alpha_eps01_b1000_abserr_compas_mst_a0.85,815bcad4,2026-05-17T16:43:41.409380,FileLoader,SmartNoiseModelLoader,TopKObtainer,WeightedVCRepairer,models/compas_mst_eps0.1.pkl,50000,42,1000.0,1000.0,20,42,0.85,WeightedVCRepairer,SmartNoiseModelLoader,mst,0.2982087135314941,1.6408140659332275,0.6854133605957031,1405.2266104221344,50000,49003,0.01994,0.630849915872578,0.6296750259451567,0.0409625924614393,0.040503224880826,0.6300865160038159,0.6290996414355735,0.6695121550050989,0.6318793381361228,0.631928681864535,0.6670285206750222,0,19949230,0,0.1535200709859774,0.1776045264646863,0.0170414899399605,0.1674825560758534,0.1940030922069805,0.017199517999467,9.48984146867724e-05,1.0,20.0,20.0,
compas,alpha_eps01_b1000_abserr_compas_mst_a0.9,f26744f4,2026-05-17T16:43:40.366836,FileLoader,SmartNoiseModelLoader,TopKObtainer,WeightedVCRepairer,models/compas_mst_eps0.1.pkl,50000,42,1000.0,1000.0,20,42,0.9,WeightedVCRepairer,SmartNoiseModelLoader,mst,0.2976136207580566,1.903813600540161,0.7935926914215088,1401.8916983604431,50000,49003,0.01994,0.630849915872578,0.6296750259451567,0.0409625924614393,0.040503224880826,0.6300865160038159,0.6290996414355735,0.6695121550050989,0.6318793381361228,0.631928681864535,0.6670285206750222,0,19949230,0,0.1615482228122137,0.1776045264646863,0.0170414899399605,0.1763227347862291,0.1940030922069805,0.017199517999467,9.48984146867724e-05,1.0,20.0,20.0,
compas,alpha_eps01_b1000_abserr_compas_mst_a0.95,1d9e3809,2026-05-17T17:03:48.983226,FileLoader,SmartNoiseModelLoader,TopKObtainer,WeightedVCRepairer,models/compas_mst_eps0.1.pkl,50000,42,1000.0,1000.0,20,42,0.95,WeightedVCRepairer,SmartNoiseModelLoader,mst,0.1927406787872314,0.94559645652771,0.3898327350616455,999.2252128124236,50000,49006,0.01988,0.630849915872578,0.6297157614284414,0.0409625924614393,0.040507746968717,0.6300865160038159,0.6290996414355735,0.6695121550050989,0.6320438172308299,0.6296753182670483,0.6607783150761538,0,19949230,0,0.16957637463845,0.1776045264646863,0.0170414899399605,0.1851169311052436,0.1939537484785683,0.0172174010120741,9.48984146867724e-05,1.0,20.0,20.0,
compas,alpha_eps01_b1000_abserr_compas_mst_a1.0,057db78c,2026-05-17T16:12:49.672153,FileLoader,SmartNoiseModelLoader,TopKObtainer,WeightedVCRepairer,models/compas_mst_eps0.1.pkl,50000,42,1000.0,1000.0,20,42,1.0,WeightedVCRepairer,SmartNoiseModelLoader,mst,0.3312129974365234,1.636310338973999,0.6540288925170898,1430.8961877822876,50000,49006,0.01988,0.630849915872578,0.6297157614284414,0.0409625924614393,0.040507746968717,0.6300865160038159,0.6290996414355735,0.6695121550050989,0.6320438172308299,0.6296753182670483,0.6607783150761538,0,19949230,0,0.1776045264646863,0.1776045264646863,0.0170414899399605,0.1939537484785683,0.1939537484785683,0.0172174010120741,9.48984146867724e-05,1.0,20.0,20.0,
tax,alpha_eps01_b1000_abserr_tax_aim_a0.0,60ddbf38,2026-05-17T21:01:57.908422,FileLoader,SmartNoiseModelLoader,TopKObtainer,WeightedVCRepairer,models/tax_aim_eps0.1.pkl,50000,42,1000.0,1000.0,20,42,0.0,WeightedVCRepairer,SmartNoiseModelLoader,aim,1.562093734741211,3.027660608291626,0.1160974502563476,18053.568962812424,50000,1338,0.97324,0.0568077875161108,0.5544285568282723,0.0296331107299657,0.3529676674803739,0.3330929783680531,0.73183086477783,0.7769189227030433,0.3159094318488664,0.525307277654989,0.464932843955956,0,4553474,0,0.0004842910616784,0.9499954995949637,0.0004842910616784,0.0051793139210483,0.9986618795691612,0.0051793139210483,1.0609402776397068e-05,1.0,20.0,20.0,
tax,alpha_eps01_b1000_abserr_tax_aim_a0.05,8913b24c,2026-05-17T17:53:38.678180,FileLoader,SmartNoiseModelLoader,TopKObtainer,WeightedVCRepairer,models/tax_aim_eps0.1.pkl,50000,42,1000.0,1000.0,20,42,0.05,WeightedVCRepairer,SmartNoiseModelLoader,aim,1.5095343589782717,2.6597342491149902,0.0775086879730224,4850.300441265106,50000,33655,0.3269,0.0568077875161108,0.1933477997209362,0.0296331107299657,0.1249343965949094,0.3330929783680531,0.73183086477783,0.7769189227030433,0.3549999499954996,0.776339870588353,0.7706163554719925,0,4553474,0,0.0479598514883426,0.9499954995949637,0.0004842910616784,0.0513442212654433,0.96634197077737,0.0031864449753419,1.0609402776397068e-05,1.0,20.0,20.0,
tax,alpha_eps01_b1000_abserr_tax_aim_a0.1,50933a7b,2026-05-17T19:32:14.102443,FileLoader,SmartNoiseModelLoader,TopKObtainer,WeightedVCRepairer,models/tax_aim_eps0.1.pkl,50000,42,1000.0,1000.0,20,42,0.1,WeightedVCRepairer,SmartNoiseModelLoader,aim,1.4924261569976809,2.642380714416504,0.0899503231048584,4746.248413562775,50000,33655,0.3269,0.0568077875161108,0.1933477997209362,0.0296331107299657,0.1249343965949094,0.3330929783680531,0.73183086477783,0.7769189227030433,0.3549999499954996,0.776339870588353,0.7706163554719925,0,4553474,0,0.0954354119150069,0.9499954995949637,0.0004842910616784,0.0995019975555447,0.96634197077737,0.0031864449753419,1.0609402776397068e-05,1.0,20.0,20.0,
tax,alpha_eps01_b1000_abserr_tax_aim_a0.15,e0d809eb,2026-05-17T21:09:05.955807,FileLoader,SmartNoiseModelLoader,TopKObtainer,WeightedVCRepairer,models/tax_aim_eps0.1.pkl,50000,42,1000.0,1000.0,20,42,0.15,WeightedVCRepairer,SmartNoiseModelLoader,aim,1.4479737281799316,2.5924408435821533,0.0772068500518798,4705.715769290924,50000,33655,0.3269,0.0568077875161108,0.1933477997209362,0.0296331107299657,0.1249343965949094,0.3330929783680531,0.73183086477783,0.7769189227030433,0.3549999499954996,0.776339870588353,0.7706163554719925,0,4553474,0,0.1429109723416711,0.9499954995949637,0.0004842910616784,0.1476597738456461,0.96634197077737,0.0031864449753419,1.0609402776397068e-05,1.0,20.0,20.0,
tax,alpha_eps01_b1000_abserr_tax_aim_a0.2,505b33a0,2026-05-17T17:30:06.003111,FileLoader,SmartNoiseModelLoader,TopKObtainer,WeightedVCRepairer,models/tax_aim_eps0.1.pkl,50000,42,1000.0,1000.0,20,42,0.2,WeightedVCRepairer,SmartNoiseModelLoader,aim,1.647618293762207,2.891571044921875,0.1118838787078857,4913.259807109833,50000,33656,0.32688,0.0568077875161108,0.193661459376528,0.0296331107299657,0.1249402648744791,0.3330929783680531,0.73183086477783,0.7769189227030433,0.3550779570161314,0.7767509075816823,0.7724115170365333,0,4553474,0,0.1903865327683354,0.9499954995949637,0.0004842910616784,0.1958178288707295,0.966340970687362,0.0031870434165713,1.0609402776397068e-05,1.0,20.0,20.0,
tax,alpha_eps01_b1000_abserr_tax_aim_a0.25,339f3bde,2026-05-17T17:29:42.750217,FileLoader,SmartNoiseModelLoader,TopKObtainer,WeightedVCRepairer,models/tax_aim_eps0.1.pkl,50000,42,1000.0,1000.0,20,42,0.25,WeightedVCRepairer,SmartNoiseModelLoader,aim,1.6430792808532717,2.882775068283081,0.1117050647735595,4897.628634214401,50000,34022,0.31956,0.0568077875161108,0.1987868963488494,0.0296331107299657,0.1211567599059473,0.3330929783680531,0.73183086477783,0.7769189227030433,0.3563590723165085,0.779289136022242,0.7779810182916462,0,4553474,0,0.2378620931949996,0.9499954995949637,0.0004842910616784,0.2438833873504723,0.965974937744397,0.0031862038858307,1.0609402776397068e-05,1.0,20.0,20.0,
tax,alpha_eps01_b1000_abserr_tax_aim_a0.3,46cbc0f9,2026-05-17T19:15:37.237191,FileLoader,SmartNoiseModelLoader,TopKObtainer,WeightedVCRepairer,models/tax_aim_eps0.1.pkl,50000,42,1000.0,1000.0,20,42,0.3,WeightedVCRepairer,SmartNoiseModelLoader,aim,1.4359087944030762,2.6527576446533203,0.0942716598510742,4808.929044961929,50000,34146,0.31708,0.0568077875161108,0.2003370321678175,0.0296331107299657,0.119627291289123,0.3330929783680531,0.73183086477783,0.7769189227030433,0.3556920122811053,0.781761358522267,0.7776019841785761,0,4553474,0,0.2853376536216639,0.9499954995949637,0.0004842910616784,0.2919568697932819,0.9658509265833926,0.0031451311689487,1.0609402776397068e-05,1.0,20.0,20.0,
tax,alpha_eps01_b1000_abserr_tax_aim_a0.35,2b3197f2,2026-05-17T19:16:34.334899,FileLoader,SmartNoiseModelLoader,TopKObtainer,WeightedVCRepairer,models/tax_aim_eps0.1.pkl,50000,42,1000.0,1000.0,20,42,0.35,WeightedVCRepairer,SmartNoiseModelLoader,aim,1.5286860466003418,2.6088016033172607,0.0947546958923339,4786.836277246475,50000,34182,0.31636,0.0568077875161108,0.2006253792236786,0.0296331107299657,0.1188464726129501,0.3330929783680531,0.73183086477783,0.7769189227030433,0.3568981208308748,0.7815403386304768,0.7803482313408207,0,4553474,0,0.3328132140483282,0.9499954995949637,0.0004842910616784,0.3400639001703705,0.9658149233431008,0.0031210415389002,1.0609402776397068e-05,1.0,20.0,20.0,
tax,alpha_eps01_b1000_abserr_tax_aim_a0.4,5f4c398e,2026-05-17T20:17:11.637906,FileLoader,SmartNoiseModelLoader,TopKObtainer,WeightedVCRepairer,models/tax_aim_eps0.1.pkl,50000,42,1000.0,1000.0,20,42,0.4,WeightedVCRepairer,SmartNoiseModelLoader,aim,2.294132947921753,3.8057453632354736,0.0866234302520752,3005.8523943424225,50000,34265,0.3147,0.0568077875161108,0.2004183748656702,0.0296331107299657,0.1177985702793216,0.3330929783680531,0.73183086477783,0.7769189227030433,0.356950125511296,0.7824214179276134,0.7738426458381255,0,4553474,0,0.3802887744749925,0.9499954995949637,0.0004842910616784,0.3881676176188587,0.9657319158724286,0.0031247521164788,1.0609402776397068e-05,1.0,20.0,20.0,
tax,alpha_eps01_b1000_abserr_tax_aim_a0.45,539f7546,2026-05-17T17:28:45.904072,FileLoader,SmartNoiseModelLoader,TopKObtainer,WeightedVCRepairer,models/tax_aim_eps0.1.pkl,50000,42,1000.0,1000.0,20,42,0.45,WeightedVCRepairer,SmartNoiseModelLoader,aim,1.654651165008545,2.871364116668701,0.105088472366333,4834.325675964356,50000,34318,0.31364,0.0568077875161108,0.2006059725817663,0.0296331107299657,0.1170767798714462,0.3330929783680531,0.73183086477783,0.7769189227030433,0.3572821553939854,0.7833435009150823,0.7768999209928894,0,4553474,0,0.4277643349016567,0.9499954995949637,0.0004842910616784,0.4362816681707172,0.9656789111019992,0.0031384694087592,1.0609402776397068e-05,1.0,20.0,20.0,
tax,alpha_eps01_b1000_abserr_tax_aim_a0.5,9a824cdf,2026-05-17T17:29:12.575867,FileLoader,SmartNoiseModelLoader,TopKObtainer,WeightedVCRepairer,models/tax_aim_eps0.1.pkl,50000,42,1000.0,1000.0,20,42,0.5,WeightedVCRepairer,SmartNoiseModelLoader,aim,1.6712651252746582,2.899310827255249,0.1053724288940429,4832.172646999359,50000,34355,0.3129,0.0568077875161108,0.2010205319917419,0.0296331107299657,0.1164526870396391,0.3330929783680531,0.73183086477783,0.7769189227030433,0.3572161494534508,0.7836645298076826,0.7796701703153284,0,4553474,0,0.4752398953283209,0.9499954995949637,0.0004842910616784,0.4843937833683204,0.9656419077716994,0.0031456589649413,1.0609402776397068e-05,1.0,20.0,20.0,
tax,alpha_eps01_b1000_abserr_tax_aim_a0.55,754d718b,2026-05-17T19:13:55.595015,FileLoader,SmartNoiseModelLoader,TopKObtainer,WeightedVCRepairer,models/tax_aim_eps0.1.pkl,50000,42,1000.0,1000.0,20,42,0.55,WeightedVCRepairer,SmartNoiseModelLoader,aim,1.5455560684204102,2.463289737701416,0.0840413570404052,4756.082119464874,50000,34347,0.31306,0.0568077875161108,0.2021133448206903,0.0296331107299657,0.1163241312779992,0.3330929783680531,0.73183086477783,0.7769189227030433,0.3574981748357352,0.782327409466852,0.7781730355732016,0,4553474,0,0.5227154557549852,0.9499954995949637,0.0004842910616784,0.5325215359628533,0.9656499084917642,0.003142413983073,1.0609402776397068e-05,1.0,20.0,20.0,
tax,alpha_eps01_b1000_abserr_tax_aim_a0.6,fba28787,2026-05-17T19:13:35.558235,FileLoader,SmartNoiseModelLoader,TopKObtainer,WeightedVCRepairer,models/tax_aim_eps0.1.pkl,50000,42,1000.0,1000.0,20,42,0.6,WeightedVCRepairer,SmartNoiseModelLoader,aim,1.524342060089111,2.668149709701538,0.0878739356994628,4729.84973192215,50000,34344,0.31312,0.0568077875161108,0.2040346042399267,0.0296331107299657,0.1165714552350967,0.3330929783680531,0.73183086477783,0.7769189227030433,0.3571461431528837,0.7828374553709834,0.7763188686981828,0,4553474,0,0.5701910161816495,0.9499954995949637,0.0004842910616784,0.5806462585383174,0.9656529087617886,0.0031362832031106,1.0609402776397068e-05,1.0,20.0,20.0,
tax,alpha_eps01_b1000_abserr_tax_aim_a0.65,54fb17f1,2026-05-17T20:14:17.197356,FileLoader,SmartNoiseModelLoader,TopKObtainer,WeightedVCRepairer,models/tax_aim_eps0.1.pkl,50000,42,1000.0,1000.0,20,42,0.65,WeightedVCRepairer,SmartNoiseModelLoader,aim,1.5218737125396729,2.5859220027923584,0.0875093936920166,2920.322613477707,50000,34373,0.31254,0.0568077875161108,0.2122004167881696,0.0296331107299657,0.1165342785714673,0.3330929783680531,0.73183086477783,0.7769189227030433,0.3574011661049494,0.7827164444800032,0.7780420237821404,0,4553474,0,0.6176665766083138,0.9499954995949637,0.0004842910616784,0.6287581821655903,0.9656239061515536,0.0031504090488011,1.0609402776397068e-05,1.0,20.0,20.0,
tax,alpha_eps01_b1000_abserr_tax_aim_a0.7,601a6b48,2026-05-17T17:28:09.028629,FileLoader,SmartNoiseModelLoader,TopKObtainer,WeightedVCRepairer,models/tax_aim_eps0.1.pkl,50000,42,1000.0,1000.0,20,42,0.7,WeightedVCRepairer,SmartNoiseModelLoader,aim,1.6452882289886477,2.867609977722168,0.1052408218383789,4778.872078180313,50000,34469,0.31062,0.0568077875161108,0.2153216841469793,0.0296331107299657,0.1154785481450693,0.3330929783680531,0.73183086477783,0.7769189227030433,0.356185056655099,0.7850816573491615,0.7825354281885369,0,4553474,0,0.6651421370349779,0.9499954995949637,0.0004842910616784,0.6768323800217528,0.965527897510776,0.003209505880699,1.0609402776397068e-05,1.0,20.0,20.0,
tax,alpha_eps01_b1000_abserr_tax_aim_a0.75,f1bd01a2,2026-05-17T17:28:11.432122,FileLoader,SmartNoiseModelLoader,TopKObtainer,WeightedVCRepairer,models/tax_aim_eps0.1.pkl,50000,42,1000.0,1000.0,20,42,0.75,WeightedVCRepairer,SmartNoiseModelLoader,aim,1.6566786766052246,2.8629064559936523,0.1058132648468017,4776.259761095047,50000,34568,0.30864,0.0568077875161108,0.218532398308359,0.0296331107299657,0.1145915658991376,0.3330929783680531,0.73183086477783,0.7769189227030433,0.3559700373033573,0.784730625756318,0.7808612775149764,0,4553474,0,0.7126176974616423,0.9499954995949637,0.0004842910616784,0.7248851926079746,0.965428888599974,0.0032541046319766,1.0609402776397068e-05,1.0,20.0,20.0,
tax,alpha_eps01_b1000_abserr_tax_aim_a0.8,ccae4757,2026-05-17T19:12:02.396073,FileLoader,SmartNoiseModelLoader,TopKObtainer,WeightedVCRepairer,models/tax_aim_eps0.1.pkl,50000,42,1000.0,1000.0,20,42,0.8,WeightedVCRepairer,SmartNoiseModelLoader,aim,1.4632277488708496,2.5416417121887207,0.0865702629089355,4677.450969934464,50000,34841,0.30318,0.0568077875161108,0.2251247339189258,0.0296331107299657,0.1122018240107848,0.3330929783680531,0.73183086477783,0.7769189227030433,0.3563270694362492,0.7919902791251212,0.7828054524907242,0,4553474,0,0.7600932578883065,0.9499954995949637,0.0004842910616784,0.7728072567000975,0.9651558640277624,0.0034128273894372,1.0609402776397068e-05,1.0,20.0,20.0,
tax,alpha_eps01_b1000_abserr_tax_aim_a0.85,546d21b1,2026-05-17T19:12:14.713334,FileLoader,SmartNoiseModelLoader,TopKObtainer,WeightedVCRepairer,models/tax_aim_eps0.1.pkl,50000,42,1000.0,1000.0,20,42,0.85,WeightedVCRepairer,SmartNoiseModelLoader,aim,1.431135177612305,2.7596750259399414,0.0883960723876953,4666.735590219498,50000,35130,0.2974,0.0568077875161108,0.2280567578517797,0.0296331107299657,0.1092940362529329,0.3330929783680531,0.73183086477783,0.7769189227030433,0.3547029232630936,0.7968807192647338,0.793645428088528,0,4553474,0,0.8075688183149707,0.9499954995949637,0.0004842910616784,0.820673999715899,0.9648668380154214,0.0035812493519387,1.0609402776397068e-05,1.0,20.0,20.0,
tax,alpha_eps01_b1000_abserr_tax_aim_a0.9,907d9e7e,2026-05-17T20:11:57.529285,FileLoader,SmartNoiseModelLoader,TopKObtainer,WeightedVCRepairer,models/tax_aim_eps0.1.pkl,50000,42,1000.0,1000.0,20,42,0.9,WeightedVCRepairer,SmartNoiseModelLoader,aim,1.4342401027679443,2.9349257946014404,0.0936920642852783,2859.363134622574,50000,35543,0.28914,0.0568077875161108,0.2337419504313093,0.0296331107299657,0.1041438730493913,0.3330929783680531,0.73183086477783,0.7769189227030433,0.3522156994129471,0.8050234521106899,0.7985958736286266,0,4553474,0,0.8550443787416351,0.9499954995949637,0.0004842910616784,0.8683942600778041,0.9644538008420758,0.0038583931993589,1.0609402776397068e-05,1.0,20.0,20.0,
tax,alpha_eps01_b1000_abserr_tax_aim_a0.95,df14d2ea,2026-05-17T17:26:17.091103,FileLoader,SmartNoiseModelLoader,TopKObtainer,WeightedVCRepairer,models/tax_aim_eps0.1.pkl,50000,42,1000.0,1000.0,20,42,0.95,WeightedVCRepairer,SmartNoiseModelLoader,aim,1.6447079181671145,2.8521411418914795,0.1032934188842773,4665.936638355255,50000,35766,0.28468,0.0568077875161108,0.2386513723572979,0.0296331107299657,0.1020092536425105,0.3330929783680531,0.73183086477783,0.7769189227030433,0.3507095638607475,0.8056215059355342,0.7995249572461521,0,4553474,0,0.9025199391682992,0.9499954995949637,0.0004842910616784,0.9162216635381388,0.9642307807702694,0.0040484361276565,1.0609402776397068e-05,1.0,20.0,20.0,
tax,alpha_eps01_b1000_abserr_tax_aim_a1.0,31a68f5c,2026-05-17T17:25:46.331182,FileLoader,SmartNoiseModelLoader,TopKObtainer,WeightedVCRepairer,models/tax_aim_eps0.1.pkl,50000,42,1000.0,1000.0,20,42,1.0,WeightedVCRepairer,SmartNoiseModelLoader,aim,1.642568826675415,2.84951114654541,0.1020610332489013,4664.944443941116,50000,35826,0.28348,0.0568077875161108,0.2421834068095748,0.0296331107299657,0.1013905672585853,0.3330929783680531,0.73183086477783,0.7769189227030433,0.3548369353241792,0.8108999809982899,0.8011541038693483,0,4553474,0,0.9499954995949637,0.9499954995949637,0.0004842910616784,0.9641707753697832,0.9641707753697832,0.004123385045937,1.0609402776397068e-05,1.0,20.0,20.0,
tax,alpha_eps01_b1000_abserr_tax_mst_a0.0,65ee46f0,2026-05-17T23:35:40.984341,FileLoader,SmartNoiseModelLoader,TopKObtainer,WeightedVCRepairer,models/tax_mst_eps0.1.pkl,50000,42,1000.0,1000.0,20,42,0.0,WeightedVCRepairer,SmartNoiseModelLoader,mst,2.143552780151367,1.130967140197754,0.0821945667266845,21607.62352514267,50000,1724,0.96552,0.0632856526953844,0.5074216436176282,0.0695023670185872,0.5296278253725485,0.317345561100499,0.7113140182616435,0.768259143322899,0.2547029232630937,0.3559290336130252,0.3071596443679931,0,6653650,0,0.0005018219839191,0.9499954995949637,0.0005018219839191,0.0131137290956797,0.9982758448260344,0.0131137290956797,1.239267813155179e-05,1.0,20.0,20.0,
tax,alpha_eps01_b1000_abserr_tax_mst_a0.05,b0e68c03,2026-05-17T20:21:29.746989,FileLoader,SmartNoiseModelLoader,TopKObtainer,WeightedVCRepairer,models/tax_mst_eps0.1.pkl,50000,42,1000.0,1000.0,20,42,0.05,WeightedVCRepairer,SmartNoiseModelLoader,mst,1.362508773803711,1.1011962890625,0.0833466053009033,9237.104769468307,50000,29231,0.41538,0.0632856526953844,0.1853104967027103,0.0695023670185872,0.1825286670860416,0.317345561100499,0.7113140182616435,0.768259143322899,0.3600624056165055,0.778147033232991,0.7532587932913962,0,6653650,0,0.0479765058644713,0.9499954995949637,0.0005018219839191,0.0515383042578486,0.9707663689732076,0.0031578797991455,1.239267813155179e-05,1.0,20.0,20.0,
tax,alpha_eps01_b1000_abserr_tax_mst_a0.1,36c945a4,2026-05-17T22:58:48.275187,FileLoader,SmartNoiseModelLoader,TopKObtainer,WeightedVCRepairer,models/tax_mst_eps0.1.pkl,50000,42,1000.0,1000.0,20,42,0.1,WeightedVCRepairer,SmartNoiseModelLoader,mst,1.402409553527832,1.069509983062744,0.0713312625885009,8158.599591493607,50000,29231,0.41538,0.0632856526953844,0.1853104967027103,0.0695023670185872,0.1825286670860416,0.317345561100499,0.7113140182616435,0.768259143322899,0.3600624056165055,0.778147033232991,0.7532587932913962,0,6653650,0,0.0954511897450235,0.9499954995949637,0.0005018219839191,0.0999187287165517,0.9707663689732076,0.0031578797991455,1.239267813155179e-05,1.0,20.0,20.0,
tax,alpha_eps01_b1000_abserr_tax_mst_a0.15,7ae3ec62,2026-05-17T18:47:52.015881,FileLoader,SmartNoiseModelLoader,TopKObtainer,WeightedVCRepairer,models/tax_mst_eps0.1.pkl,50000,42,1000.0,1000.0,20,42,0.15,WeightedVCRepairer,SmartNoiseModelLoader,mst,1.637709617614746,1.1406011581420898,0.0969526767730712,9468.109555959702,50000,29231,0.41538,0.0632856526953844,0.1853104967027103,0.0695023670185872,0.1825286670860416,0.317345561100499,0.7113140182616435,0.768259143322899,0.3600624056165055,0.778147033232991,0.7532587932913962,0,6653650,0,0.1429258736255758,0.9499954995949637,0.0005018219839191,0.1482991531752548,0.9707663689732076,0.0031578797991455,1.239267813155179e-05,1.0,20.0,20.0,
tax,alpha_eps01_b1000_abserr_tax_mst_a0.2,8ebab639,2026-05-17T18:47:00.236606,FileLoader,SmartNoiseModelLoader,TopKObtainer,WeightedVCRepairer,models/tax_mst_eps0.1.pkl,50000,42,1000.0,1000.0,20,42,0.2,WeightedVCRepairer,SmartNoiseModelLoader,mst,1.6437709331512451,1.1486682891845703,0.0938818454742431,9467.991513967514,50000,29233,0.41534,0.0632856526953844,0.1853972760164634,0.0695023670185872,0.1825057982845529,0.317345561100499,0.7113140182616435,0.768259143322899,0.3597153743836945,0.7722144993049375,0.753812843155884,0,6653650,0,0.190400557506128,0.9499954995949637,0.0005018219839191,0.1966777331692193,0.9707643687931914,0.0031560742632262,1.239267813155179e-05,1.0,20.0,20.0,
tax,alpha_eps01_b1000_abserr_tax_mst_a0.25,bf146587,2026-05-17T21:39:14.401017,FileLoader,SmartNoiseModelLoader,TopKObtainer,WeightedVCRepairer,models/tax_mst_eps0.1.pkl,50000,42,1000.0,1000.0,20,42,0.25,WeightedVCRepairer,SmartNoiseModelLoader,mst,2.2557902336120605,1.5550150871276855,0.1521260738372802,8830.73919081688,50000,29615,0.4077,0.0632856526953844,0.1952471006598144,0.0695023670185872,0.1790268955025545,0.317345561100499,0.7113140182616435,0.768259143322899,0.3583582522427018,0.7798321848966407,0.7601064095768619,0,6653650,0,0.2378752413866802,0.9499954995949637,0.0005018219839191,0.2449493509281212,0.9703823344100968,0.0031383564341293,1.239267813155179e-05,1.0,20.0,20.0,
tax,alpha_eps01_b1000_abserr_tax_mst_a0.3,229e8942,2026-05-17T21:38:59.654636,FileLoader,SmartNoiseModelLoader,TopKObtainer,WeightedVCRepairer,models/tax_mst_eps0.1.pkl,50000,42,1000.0,1000.0,20,42,0.3,WeightedVCRepairer,SmartNoiseModelLoader,mst,1.4647481441497805,1.0953199863433838,0.0767488479614257,8781.815779209137,50000,29695,0.4061,0.0632856526953844,0.1962923548153928,0.0695023670185872,0.1780472323480469,0.317345561100499,0.7113140182616435,0.768259143322899,0.358290246122151,0.7843985958736286,0.7676240861677551,0,6653650,0,0.2853499252672324,0.9499954995949637,0.0005018219839191,0.2932669468695554,0.9703023272094488,0.0031089267238867,1.239267813155179e-05,1.0,20.0,20.0,
tax,alpha_eps01_b1000_abserr_tax_mst_a0.35,8e49ddaa,2026-05-17T23:20:00.186014,FileLoader,SmartNoiseModelLoader,TopKObtainer,WeightedVCRepairer,models/tax_mst_eps0.1.pkl,50000,42,1000.0,1000.0,20,42,0.35,WeightedVCRepairer,SmartNoiseModelLoader,mst,1.5683107376098633,1.0231881141662598,0.0773375034332275,5357.83925485611,50000,29725,0.4055,0.0632856526953844,0.1964483399708111,0.0695023670185872,0.1775584375157075,0.317345561100499,0.7113140182616435,0.768259143322899,0.3573891650248522,0.7803872348511366,0.7693932453920853,0,6653650,0,0.3328246091477846,0.9499954995949637,0.0005018219839191,0.3415953020560057,0.970272324509206,0.0030769053504364,1.239267813155179e-05,1.0,20.0,20.0,
tax,alpha_eps01_b1000_abserr_tax_mst_a0.4,81da0c4e,2026-05-17T18:48:00.255537,FileLoader,SmartNoiseModelLoader,TopKObtainer,WeightedVCRepairer,models/tax_mst_eps0.1.pkl,50000,42,1000.0,1000.0,20,42,0.4,WeightedVCRepairer,SmartNoiseModelLoader,mst,1.6377294063568115,1.1595218181610107,0.094578742980957,9512.225039720535,50000,29786,0.40428,0.0632856526953844,0.1972383567276152,0.0695023670185872,0.1761094900168923,0.317345561100499,0.7113140182616435,0.768259143322899,0.3595903631326819,0.7828344551009591,0.7663469712274105,0,6653650,0,0.3802992930283369,0.9499954995949637,0.0005018219839191,0.3899178773202906,0.9702113190187116,0.0030555828546764,1.239267813155179e-05,1.0,20.0,20.0,
tax,alpha_eps01_b1000_abserr_tax_mst_a0.45,3892f60f,2026-05-17T18:47:56.582049,FileLoader,SmartNoiseModelLoader,TopKObtainer,WeightedVCRepairer,models/tax_mst_eps0.1.pkl,50000,42,1000.0,1000.0,20,42,0.45,WeightedVCRepairer,SmartNoiseModelLoader,mst,1.6376123428344729,1.1514647006988523,0.0994493961334228,9509.298563480375,50000,29869,0.40262,0.0632856526953844,0.197125776502533,0.0695023670185872,0.1749878904001981,0.317345561100499,0.7113140182616435,0.768259143322899,0.3560480443239892,0.7834405096458681,0.7665439889590063,0,6653650,0,0.4277739769088891,0.9499954995949637,0.0005018219839191,0.4382361505245273,0.9701283115480394,0.0030516551416539,1.239267813155179e-05,1.0,20.0,20.0,
tax,alpha_eps01_b1000_abserr_tax_mst_a0.5,b060bf86,2026-05-17T21:40:00.823834,FileLoader,SmartNoiseModelLoader,TopKObtainer,WeightedVCRepairer,models/tax_mst_eps0.1.pkl,50000,42,1000.0,1000.0,20,42,0.5,WeightedVCRepairer,SmartNoiseModelLoader,mst,1.423961162567139,1.12432861328125,0.082935094833374,8837.30593419075,50000,29918,0.40164,0.0632856526953844,0.1994715181702207,0.0695023670185872,0.1744216675020357,0.317345561100499,0.7113140182616435,0.768259143322899,0.3527267454070866,0.7881699352941764,0.7690602154193877,0,6653650,0,0.4752486607894413,0.9499954995949637,0.0005018219839191,0.4865574003066273,0.9700793071376425,0.0030354934756124,1.239267813155179e-05,1.0,20.0,20.0,
tax,alpha_eps01_b1000_abserr_tax_mst_a0.55,a2a2cdf1,2026-05-17T21:39:51.192849,FileLoader,SmartNoiseModelLoader,TopKObtainer,WeightedVCRepairer,models/tax_mst_eps0.1.pkl,50000,42,1000.0,1000.0,20,42,0.55,WeightedVCRepairer,SmartNoiseModelLoader,mst,1.4672813415527344,1.163940668106079,0.0799403190612793,8830.855940580368,50000,30028,0.39944,0.0632856526953844,0.2004516191299347,0.0695023670185872,0.1735001964749892,0.317345561100499,0.7113140182616435,0.768259143322899,0.34926543388905,0.787807902711244,0.7676450880579252,0,6653650,0,0.5227233446699936,0.9499954995949637,0.0005018219839191,0.5348675884967565,0.9699692972367512,0.0030766111478737,1.239267813155179e-05,1.0,20.0,20.0,
tax,alpha_eps01_b1000_abserr_tax_mst_a0.6,89cfa88a,2026-05-17T23:22:20.374568,FileLoader,SmartNoiseModelLoader,TopKObtainer,WeightedVCRepairer,models/tax_mst_eps0.1.pkl,50000,42,1000.0,1000.0,20,42,0.6,WeightedVCRepairer,SmartNoiseModelLoader,mst,1.4842145442962646,1.0973539352416992,0.0835692882537841,5425.26813864708,50000,30034,0.39932,0.0632856526953844,0.2014140273900981,0.0695023670185872,0.1734232756493577,0.317345561100499,0.7113140182616435,0.768259143322899,0.3488563970757368,0.7887319858787291,0.7727315458391255,0,6653650,0,0.5701980285505458,0.9499954995949637,0.0005018219839191,0.5832032928750973,0.9699632966967028,0.0030632871426894,1.239267813155179e-05,1.0,20.0,20.0,
tax,alpha_eps01_b1000_abserr_tax_mst_a0.65,c5d9e597,2026-05-17T18:47:29.491594,FileLoader,SmartNoiseModelLoader,TopKObtainer,WeightedVCRepairer,models/tax_mst_eps0.1.pkl,50000,42,1000.0,1000.0,20,42,0.65,WeightedVCRepairer,SmartNoiseModelLoader,mst,1.651432991027832,1.1460342407226562,0.0957694053649902,9481.206748723984,50000,30155,0.3969,0.0632856526953844,0.211504557714144,0.0695023670185872,0.1726168672163121,0.317345561100499,0.7113140182616435,0.768259143322899,0.3502525227270454,0.7900641057695192,0.7735926233361002,0,6653650,0,0.617672712431098,0.9499954995949637,0.0005018219839191,0.6314904314425311,0.9698422858057224,0.00312270191089,1.239267813155179e-05,1.0,20.0,20.0,
tax,alpha_eps01_b1000_abserr_tax_mst_a0.7,de8b316d,2026-05-17T18:45:56.628494,FileLoader,SmartNoiseModelLoader,TopKObtainer,WeightedVCRepairer,models/tax_mst_eps0.1.pkl,50000,42,1000.0,1000.0,20,42,0.7,WeightedVCRepairer,SmartNoiseModelLoader,mst,1.6461670398712158,1.1451475620269775,0.0962622165679931,9473.897106647491,50000,30389,0.39222,0.0632856526953844,0.217929973978788,0.0695023670185872,0.1707331227031393,0.317345561100499,0.7113140182616435,0.768259143322899,0.3508645778120031,0.789228030522747,0.7668860197417767,0,6653650,0,0.6651473963116502,0.9499954995949637,0.0005018219839191,0.6796990747665083,0.969608264743827,0.0032442981527646,1.239267813155179e-05,1.0,20.0,20.0,
tax,alpha_eps01_b1000_abserr_tax_mst_a0.75,e348234a,2026-05-17T21:37:43.806071,FileLoader,SmartNoiseModelLoader,TopKObtainer,WeightedVCRepairer,models/tax_mst_eps0.1.pkl,50000,42,1000.0,1000.0,20,42,0.75,WeightedVCRepairer,SmartNoiseModelLoader,mst,2.288166284561157,1.62532377243042,0.1322114467620849,8772.443206071854,50000,30701,0.38598,0.0632856526953844,0.2250331198509081,0.0695023670185872,0.1683373234787001,0.317345561100499,0.7113140182616435,0.768259143322899,0.3497864807832705,0.7933804042363812,0.7757918212639138,0,6653650,0,0.7126220801922024,0.9499954995949637,0.0005018219839191,0.7278242847331412,0.9692962366612996,0.0034084289486662,1.239267813155179e-05,1.0,20.0,20.0,
tax,alpha_eps01_b1000_abserr_tax_mst_a0.8,981d6d8f,2026-05-17T21:37:28.549568,FileLoader,SmartNoiseModelLoader,TopKObtainer,WeightedVCRepairer,models/tax_mst_eps0.1.pkl,50000,42,1000.0,1000.0,20,42,0.8,WeightedVCRepairer,SmartNoiseModelLoader,mst,1.5147216320037842,1.0740694999694824,0.0765149593353271,8672.540023565292,50000,30966,0.38068,0.0632856526953844,0.2296176881658677,0.0695023670185872,0.1662778797956499,0.317345561100499,0.7113140182616435,0.768259143322899,0.3499384944645018,0.7937524377193947,0.777560980488244,0,6653650,0,0.7600967640727547,0.9499954995949637,0.0005018219839191,0.7759350662133637,0.9690312128091528,0.0035504798302072,1.239267813155179e-05,1.0,20.0,20.0,
tax,alpha_eps01_b1000_abserr_tax_mst_a0.85,51e837fc,2026-05-17T23:18:39.353293,FileLoader,SmartNoiseModelLoader,TopKObtainer,WeightedVCRepairer,models/tax_mst_eps0.1.pkl,50000,42,1000.0,1000.0,20,42,0.85,WeightedVCRepairer,SmartNoiseModelLoader,mst,1.662705659866333,1.32997465133667,0.1086485385894775,5328.081768512726,50000,31279,0.37442,0.0632856526953844,0.2308628879484606,0.0695023670185872,0.1630205845913694,0.317345561100499,0.7113140182616435,0.768259143322899,0.349662469622266,0.7931683851546639,0.7807932713944254,0,6653650,0,0.8075714479533068,0.9499954995949637,0.0005018219839191,0.8239687177947531,0.9687181846366172,0.0037217390241894,1.239267813155179e-05,1.0,20.0,20.0,
tax,alpha_eps01_b1000_abserr_tax_mst_a0.9,13d7b890,2026-05-17T18:46:31.674004,FileLoader,SmartNoiseModelLoader,TopKObtainer,WeightedVCRepairer,models/tax_mst_eps0.1.pkl,50000,42,1000.0,1000.0,20,42,0.9,WeightedVCRepairer,SmartNoiseModelLoader,mst,1.641080379486084,1.140857458114624,0.0961558818817138,9437.069698810576,50000,31787,0.36426,0.0632856526953844,0.2350722123591428,0.0695023670185872,0.1568946601320417,0.317345561100499,0.7113140182616435,0.768259143322899,0.3491574241681751,0.801579142122791,0.7885219669770279,0,6653650,0,0.8550461318338591,0.9499954995949637,0.0005018219839191,0.8717915369212607,0.968210138912502,0.0040241190000875,1.239267813155179e-05,1.0,20.0,20.0,
tax,alpha_eps01_b1000_abserr_tax_mst_a0.95,8eb9a8b6,2026-05-17T18:46:05.950706,FileLoader,SmartNoiseModelLoader,TopKObtainer,WeightedVCRepairer,models/tax_mst_eps0.1.pkl,50000,42,1000.0,1000.0,20,42,0.95,WeightedVCRepairer,SmartNoiseModelLoader,mst,1.6449174880981443,1.147817611694336,0.1022026538848877,9326.878910064695,50000,32042,0.35916,0.0632856526953844,0.2397175687813947,0.0695023670185872,0.1538651936028825,0.317345561100499,0.7113530217719595,0.768259143322899,0.3488403956356072,0.8056615095358582,0.789645068056125,0,6653650,0,0.9025208157144112,0.9499954995949637,0.0005018219839191,0.9197672805964148,0.9679551159604364,0.004198408680003,1.239267813155179e-05,1.0,20.0,20.0,
tax,alpha_eps01_b1000_abserr_tax_mst_a1.0,5d7d0f50,2026-05-17T20:34:30.462694,FileLoader,SmartNoiseModelLoader,TopKObtainer,WeightedVCRepairer,models/tax_mst_eps0.1.pkl,50000,42,1000.0,1000.0,20,42,1.0,WeightedVCRepairer,SmartNoiseModelLoader,mst,1.4682800769805908,1.007084846496582,0.0849604606628418,5748.011395215988,50000,32057,0.35886,0.0632856526953844,0.2411836508865668,0.0695023670185872,0.1539501561044907,0.317345561100499,0.7113140182616435,0.768259143322899,0.3496444680021202,0.8080237221349922,0.8007530677760999,0,6653650,0,0.9499954995949637,0.9499954995949637,0.0005018219839191,0.9679401146103148,0.9679401146103148,0.004248453638756,1.239267813155179e-05,1.0,20.0,20.0,
